{"type":"FeatureCollection","generatedAt":"2026-09-20T04:18:52.906Z","species":[{"id":"esclatasang","name":"Esclatasang / Picornell","latin":"Lactarius deliciosus / sanguifluus"},{"id":"fredolic","name":"Fredolic","latin":"Tricholoma terreum"},{"id":"blava","name":"Blava","latin":"Lepista nuda"},{"id":"peus-de-rata","name":"Peus de rata","latin":"Ramaria spp."},{"id":"orella-de-llebre","name":"Orella de llebre","latin":"Otidea onotica"},{"id":"cama-sec","name":"Cama-sec","latin":"Marasmius oreades"},{"id":"girgola","name":"Gírgola de card","latin":"Pleurotus eryngii"}],"features":[{"type":"Feature","geometry":{"type":"Polygon","coordinates":[[[3.00473,39.27934],[3.04473,39.27934],[3.04473,39.30934],[3.00473,39.30934],[3.00473,39.27934]]]},"properties":{"id":"c0","elevation":8,"region":"migjorn","forestType":"pinar_costaner","distToCoastKm":0.3,"scores":{"esclatasang":14,"fredolic":16,"blava":0,"peus-de-rata":0,"orella-de-llebre":0,"cama-sec":0,"girgola":0},"bestSpecies":"fredolic","bestScore":16}},{"type":"Feature","geometry":{"type":"Polygon","coordinates":[[[3.04473,39.27934],[3.08473,39.27934],[3.08473,39.30934],[3.04473,39.30934],[3.04473,39.27934]]]},"properties":{"id":"c1","elevation":60,"region":"migjorn","forestType":"pinar_costaner","distToCoastKm":2.3,"scores":{"esclatasang":14,"fredolic":16,"blava":0,"peus-de-rata":0,"orella-de-llebre":0,"cama-sec":0,"girgola":0},"bestSpecies":"fredolic","bestScore":16}},{"type":"Feature","geometry":{"type":"Polygon","coordinates":[[[3.00473,39.30934],[3.04473,39.30934],[3.04473,39.33934],[3.00473,39.33934],[3.00473,39.30934]]]},"properties":{"id":"c3","elevation":13,"region":"llevant_sud","forestType":"pinar_muntanya_calcari","distToCoastKm":1.8,"scores":{"esclatasang":14,"fredolic":16,"blava":0,"peus-de-rata":13,"orella-de-llebre":13,"cama-sec":0,"girgola":0},"bestSpecies":"fredolic","bestScore":16}},{"type":"Feature","geometry":{"type":"Polygon","coordinates":[[[3.04473,39.30934],[3.08473,39.30934],[3.08473,39.33934],[3.04473,39.33934],[3.04473,39.30934]]]},"properties":{"id":"c4","elevation":43,"region":"llevant_sud","forestType":"pinar_muntanya_calcari","distToCoastKm":4.3,"scores":{"esclatasang":14,"fredolic":16,"blava":0,"peus-de-rata":13,"orella-de-llebre":13,"cama-sec":0,"girgola":0},"bestSpecies":"fredolic","bestScore":16}},{"type":"Feature","geometry":{"type":"Polygon","coordinates":[[[3.08473,39.30934],[3.12473,39.30934],[3.12473,39.33934],[3.08473,39.33934],[3.08473,39.30934]]]},"properties":{"id":"c5","elevation":49,"region":"llevant_sud","forestType":"pinar_muntanya_calcari","distToCoastKm":1.7,"scores":{"esclatasang":14,"fredolic":16,"blava":0,"peus-de-rata":13,"orella-de-llebre":13,"cama-sec":0,"girgola":0},"bestSpecies":"fredolic","bestScore":16}},{"type":"Feature","geometry":{"type":"Polygon","coordinates":[[[2.96473,39.33934],[3.00473,39.33934],[3.00473,39.36934],[2.96473,39.36934],[2.96473,39.33934]]]},"properties":{"id":"c6","elevation":8,"region":"migjorn","forestType":"pinar_costaner","distToCoastKm":0.7,"scores":{"esclatasang":12,"fredolic":15,"blava":0,"peus-de-rata":0,"orella-de-llebre":0,"cama-sec":0,"girgola":0},"bestSpecies":"fredolic","bestScore":15}},{"type":"Feature","geometry":{"type":"Polygon","coordinates":[[[3.00473,39.33934],[3.04473,39.33934],[3.04473,39.36934],[3.00473,39.36934],[3.00473,39.33934]]]},"properties":{"id":"c7","elevation":21,"region":"llevant_sud","forestType":"pinar_muntanya_calcari","distToCoastKm":3.5,"scores":{"esclatasang":12,"fredolic":15,"blava":0,"peus-de-rata":11,"orella-de-llebre":10,"cama-sec":0,"girgola":0},"bestSpecies":"fredolic","bestScore":15}},{"type":"Feature","geometry":{"type":"Polygon","coordinates":[[[3.04473,39.33934],[3.08473,39.33934],[3.08473,39.36934],[3.04473,39.36934],[3.04473,39.33934]]]},"properties":{"id":"c8","elevation":52,"region":"llevant_sud","forestType":"pinar_muntanya_calcari","distToCoastKm":6.5,"scores":{"esclatasang":14,"fredolic":17,"blava":0,"peus-de-rata":14,"orella-de-llebre":13,"cama-sec":0,"girgola":0},"bestSpecies":"fredolic","bestScore":17}},{"type":"Feature","geometry":{"type":"Polygon","coordinates":[[[3.08473,39.33934],[3.12473,39.33934],[3.12473,39.36934],[3.08473,39.36934],[3.08473,39.33934]]]},"properties":{"id":"c9","elevation":42,"region":"llevant_sud","forestType":"pinar_muntanya_calcari","distToCoastKm":4.4,"scores":{"esclatasang":14,"fredolic":17,"blava":0,"peus-de-rata":14,"orella-de-llebre":13,"cama-sec":0,"girgola":0},"bestSpecies":"fredolic","bestScore":17}},{"type":"Feature","geometry":{"type":"Polygon","coordinates":[[[3.12473,39.33934],[3.16473,39.33934],[3.16473,39.36934],[3.12473,39.36934],[3.12473,39.33934]]]},"properties":{"id":"c10","elevation":56,"region":"llevant_sud","forestType":"pinar_muntanya_calcari","distToCoastKm":2.7,"scores":{"esclatasang":14,"fredolic":17,"blava":0,"peus-de-rata":14,"orella-de-llebre":13,"cama-sec":0,"girgola":0},"bestSpecies":"fredolic","bestScore":17}},{"type":"Feature","geometry":{"type":"Polygon","coordinates":[[[3.16473,39.33934],[3.20473,39.33934],[3.20473,39.36934],[3.16473,39.36934],[3.16473,39.33934]]]},"properties":{"id":"c11","elevation":29,"region":"llevant_sud","forestType":"pinar_muntanya_calcari","distToCoastKm":0.4,"scores":{"esclatasang":14,"fredolic":16,"blava":0,"peus-de-rata":13,"orella-de-llebre":12,"cama-sec":0,"girgola":0},"bestSpecies":"fredolic","bestScore":16}},{"type":"Feature","geometry":{"type":"Polygon","coordinates":[[[2.76473,39.36934],[2.80473,39.36934],[2.80473,39.39934],[2.76473,39.39934],[2.76473,39.36934]]]},"properties":{"id":"c12","elevation":107,"region":"migjorn","forestType":"pinar_costaner","distToCoastKm":1.1,"scores":{"esclatasang":15,"fredolic":17,"blava":0,"peus-de-rata":0,"orella-de-llebre":0,"cama-sec":0,"girgola":0},"bestSpecies":"fredolic","bestScore":17}},{"type":"Feature","geometry":{"type":"Polygon","coordinates":[[[2.80473,39.36934],[2.84473,39.36934],[2.84473,39.39934],[2.80473,39.39934],[2.80473,39.36934]]]},"properties":{"id":"c13","elevation":64,"region":"migjorn","forestType":"pinar_costaner","distToCoastKm":2.4,"scores":{"esclatasang":15,"fredolic":17,"blava":0,"peus-de-rata":0,"orella-de-llebre":0,"cama-sec":0,"girgola":0},"bestSpecies":"fredolic","bestScore":17}},{"type":"Feature","geometry":{"type":"Polygon","coordinates":[[[2.84473,39.36934],[2.8847300000000002,39.36934],[2.8847300000000002,39.39934],[2.84473,39.39934],[2.84473,39.36934]]]},"properties":{"id":"c14","elevation":65,"region":"migjorn","forestType":"pinar_costaner","distToCoastKm":2.3,"scores":{"esclatasang":13,"fredolic":15,"blava":0,"peus-de-rata":0,"orella-de-llebre":0,"cama-sec":0,"girgola":0},"bestSpecies":"fredolic","bestScore":15}},{"type":"Feature","geometry":{"type":"Polygon","coordinates":[[[2.88473,39.36934],[2.92473,39.36934],[2.92473,39.39934],[2.88473,39.39934],[2.88473,39.36934]]]},"properties":{"id":"c15","elevation":40,"region":"migjorn","forestType":"pinar_costaner","distToCoastKm":2.6,"scores":{"esclatasang":13,"fredolic":15,"blava":0,"peus-de-rata":0,"orella-de-llebre":0,"cama-sec":0,"girgola":0},"bestSpecies":"fredolic","bestScore":15}},{"type":"Feature","geometry":{"type":"Polygon","coordinates":[[[2.92473,39.36934],[2.96473,39.36934],[2.96473,39.39934],[2.92473,39.39934],[2.92473,39.36934]]]},"properties":{"id":"c16","elevation":28,"region":"migjorn","forestType":"pinar_costaner","distToCoastKm":2.3,"scores":{"esclatasang":11,"fredolic":14,"blava":0,"peus-de-rata":0,"orella-de-llebre":0,"cama-sec":0,"girgola":0},"bestSpecies":"fredolic","bestScore":14}},{"type":"Feature","geometry":{"type":"Polygon","coordinates":[[[2.96473,39.36934],[3.00473,39.36934],[3.00473,39.39934],[2.96473,39.39934],[2.96473,39.36934]]]},"properties":{"id":"c17","elevation":8,"region":"migjorn","forestType":"garriga_marina","distToCoastKm":3.3,"scores":{"esclatasang":0,"fredolic":0,"blava":0,"peus-de-rata":0,"orella-de-llebre":0,"cama-sec":0,"girgola":0},"bestSpecies":"esclatasang","bestScore":0}},{"type":"Feature","geometry":{"type":"Polygon","coordinates":[[[3.00473,39.36934],[3.04473,39.36934],[3.04473,39.39934],[3.00473,39.39934],[3.00473,39.36934]]]},"properties":{"id":"c18","elevation":5,"region":"llevant_sud","forestType":"pinar_muntanya_calcari","distToCoastKm":5.5,"scores":{"esclatasang":12,"fredolic":15,"blava":0,"peus-de-rata":11,"orella-de-llebre":10,"cama-sec":0,"girgola":0},"bestSpecies":"fredolic","bestScore":15}},{"type":"Feature","geometry":{"type":"Polygon","coordinates":[[[3.04473,39.36934],[3.08473,39.36934],[3.08473,39.39934],[3.04473,39.39934],[3.04473,39.36934]]]},"properties":{"id":"c19","elevation":60,"region":"llevant_sud","forestType":"pinar_muntanya_calcari","distToCoastKm":8.2,"scores":{"esclatasang":14,"fredolic":17,"blava":0,"peus-de-rata":14,"orella-de-llebre":13,"cama-sec":0,"girgola":0},"bestSpecies":"fredolic","bestScore":17}},{"type":"Feature","geometry":{"type":"Polygon","coordinates":[[[3.08473,39.36934],[3.12473,39.36934],[3.12473,39.39934],[3.08473,39.39934],[3.08473,39.36934]]]},"properties":{"id":"c20","elevation":69,"region":"llevant_sud","forestType":"pinar_muntanya_calcari","distToCoastKm":7,"scores":{"esclatasang":14,"fredolic":17,"blava":0,"peus-de-rata":14,"orella-de-llebre":13,"cama-sec":0,"girgola":0},"bestSpecies":"fredolic","bestScore":17}},{"type":"Feature","geometry":{"type":"Polygon","coordinates":[[[3.12473,39.36934],[3.16473,39.36934],[3.16473,39.39934],[3.12473,39.39934],[3.12473,39.36934]]]},"properties":{"id":"c21","elevation":112,"region":"llevant_sud","forestType":"pinar_muntanya_calcari","distToCoastKm":5.1,"scores":{"esclatasang":14,"fredolic":17,"blava":0,"peus-de-rata":14,"orella-de-llebre":13,"cama-sec":0,"girgola":0},"bestSpecies":"fredolic","bestScore":17}},{"type":"Feature","geometry":{"type":"Polygon","coordinates":[[[3.16473,39.36934],[3.20473,39.36934],[3.20473,39.39934],[3.16473,39.39934],[3.16473,39.36934]]]},"properties":{"id":"c22","elevation":63,"region":"llevant_sud","forestType":"pinar_muntanya_calcari","distToCoastKm":3.1,"scores":{"esclatasang":14,"fredolic":16,"blava":0,"peus-de-rata":13,"orella-de-llebre":12,"cama-sec":0,"girgola":0},"bestSpecies":"fredolic","bestScore":16}},{"type":"Feature","geometry":{"type":"Polygon","coordinates":[[[3.20473,39.36934],[3.24473,39.36934],[3.24473,39.39934],[3.20473,39.39934],[3.20473,39.36934]]]},"properties":{"id":"c23","elevation":32,"region":"llevant_sud","forestType":"pinar_muntanya_calcari","distToCoastKm":1.2,"scores":{"esclatasang":14,"fredolic":16,"blava":0,"peus-de-rata":13,"orella-de-llebre":12,"cama-sec":0,"girgola":0},"bestSpecies":"fredolic","bestScore":16}},{"type":"Feature","geometry":{"type":"Polygon","coordinates":[[[2.72473,39.39934],[2.76473,39.39934],[2.76473,39.42934],[2.72473,39.42934],[2.72473,39.39934]]]},"properties":{"id":"c24","elevation":120,"region":"migjorn","forestType":"pinar_costaner","distToCoastKm":0.4,"scores":{"esclatasang":7,"fredolic":10,"blava":0,"peus-de-rata":0,"orella-de-llebre":0,"cama-sec":0,"girgola":0},"bestSpecies":"fredolic","bestScore":10}},{"type":"Feature","geometry":{"type":"Polygon","coordinates":[[[2.76473,39.39934],[2.80473,39.39934],[2.80473,39.42934],[2.76473,39.42934],[2.76473,39.39934]]]},"properties":{"id":"c25","elevation":107,"region":"migjorn","forestType":"garriga_marina","distToCoastKm":3.5,"scores":{"esclatasang":0,"fredolic":0,"blava":0,"peus-de-rata":0,"orella-de-llebre":0,"cama-sec":0,"girgola":0},"bestSpecies":"esclatasang","bestScore":0}},{"type":"Feature","geometry":{"type":"Polygon","coordinates":[[[2.80473,39.39934],[2.84473,39.39934],[2.84473,39.42934],[2.80473,39.42934],[2.80473,39.39934]]]},"properties":{"id":"c26","elevation":87,"region":"migjorn","forestType":"garriga_marina","distToCoastKm":5.5,"scores":{"esclatasang":0,"fredolic":0,"blava":0,"peus-de-rata":0,"orella-de-llebre":0,"cama-sec":0,"girgola":0},"bestSpecies":"esclatasang","bestScore":0}},{"type":"Feature","geometry":{"type":"Polygon","coordinates":[[[2.84473,39.39934],[2.8847300000000002,39.39934],[2.8847300000000002,39.42934],[2.84473,39.42934],[2.84473,39.39934]]]},"properties":{"id":"c27","elevation":81,"region":"migjorn","forestType":"garriga_marina","distToCoastKm":5.5,"scores":{"esclatasang":0,"fredolic":0,"blava":0,"peus-de-rata":0,"orella-de-llebre":0,"cama-sec":0,"girgola":0},"bestSpecies":"esclatasang","bestScore":0}},{"type":"Feature","geometry":{"type":"Polygon","coordinates":[[[2.88473,39.39934],[2.92473,39.39934],[2.92473,39.42934],[2.88473,39.42934],[2.88473,39.39934]]]},"properties":{"id":"c28","elevation":67,"region":"migjorn","forestType":"garriga_marina","distToCoastKm":5.7,"scores":{"esclatasang":0,"fredolic":0,"blava":0,"peus-de-rata":0,"orella-de-llebre":0,"cama-sec":0,"girgola":0},"bestSpecies":"esclatasang","bestScore":0}},{"type":"Feature","geometry":{"type":"Polygon","coordinates":[[[2.92473,39.39934],[2.96473,39.39934],[2.96473,39.42934],[2.92473,39.42934],[2.92473,39.39934]]]},"properties":{"id":"c29","elevation":48,"region":"migjorn","forestType":"garriga_marina","distToCoastKm":5.6,"scores":{"esclatasang":0,"fredolic":0,"blava":0,"peus-de-rata":0,"orella-de-llebre":0,"cama-sec":0,"girgola":0},"bestSpecies":"esclatasang","bestScore":0}},{"type":"Feature","geometry":{"type":"Polygon","coordinates":[[[2.96473,39.39934],[3.00473,39.39934],[3.00473,39.42934],[2.96473,39.42934],[2.96473,39.39934]]]},"properties":{"id":"c30","elevation":27,"region":"migjorn","forestType":"garriga_marina","distToCoastKm":6.2,"scores":{"esclatasang":0,"fredolic":0,"blava":0,"peus-de-rata":0,"orella-de-llebre":0,"cama-sec":0,"girgola":0},"bestSpecies":"esclatasang","bestScore":0}},{"type":"Feature","geometry":{"type":"Polygon","coordinates":[[[3.00473,39.39934],[3.04473,39.39934],[3.04473,39.42934],[3.00473,39.42934],[3.00473,39.39934]]]},"properties":{"id":"c31","elevation":13,"region":"llevant_sud","forestType":"pinar_muntanya_calcari","distToCoastKm":8,"scores":{"esclatasang":12,"fredolic":16,"blava":0,"peus-de-rata":11,"orella-de-llebre":11,"cama-sec":0,"girgola":0},"bestSpecies":"fredolic","bestScore":16}},{"type":"Feature","geometry":{"type":"Polygon","coordinates":[[[3.04473,39.39934],[3.08473,39.39934],[3.08473,39.42934],[3.04473,39.42934],[3.04473,39.39934]]]},"properties":{"id":"c32","elevation":30,"region":"llevant_sud","forestType":"pinar_muntanya_calcari","distToCoastKm":10.3,"scores":{"esclatasang":15,"fredolic":18,"blava":0,"peus-de-rata":14,"orella-de-llebre":14,"cama-sec":0,"girgola":0},"bestSpecies":"fredolic","bestScore":18}},{"type":"Feature","geometry":{"type":"Polygon","coordinates":[[[3.08473,39.39934],[3.12473,39.39934],[3.12473,39.42934],[3.08473,39.42934],[3.08473,39.39934]]]},"properties":{"id":"c33","elevation":72,"region":"llevant_sud","forestType":"pinar_muntanya_calcari","distToCoastKm":9.9,"scores":{"esclatasang":16,"fredolic":19,"blava":0,"peus-de-rata":15,"orella-de-llebre":15,"cama-sec":0,"girgola":0},"bestSpecies":"fredolic","bestScore":19}},{"type":"Feature","geometry":{"type":"Polygon","coordinates":[[[3.12473,39.39934],[3.16473,39.39934],[3.16473,39.42934],[3.12473,39.42934],[3.12473,39.39934]]]},"properties":{"id":"c34","elevation":117,"region":"llevant_sud","forestType":"pinar_muntanya_calcari","distToCoastKm":7.9,"scores":{"esclatasang":16,"fredolic":19,"blava":0,"peus-de-rata":15,"orella-de-llebre":15,"cama-sec":0,"girgola":0},"bestSpecies":"fredolic","bestScore":19}},{"type":"Feature","geometry":{"type":"Polygon","coordinates":[[[3.16473,39.39934],[3.20473,39.39934],[3.20473,39.42934],[3.16473,39.42934],[3.16473,39.39934]]]},"properties":{"id":"c35","elevation":132,"region":"llevant_sud","forestType":"pinar_muntanya_calcari","distToCoastKm":5.6,"scores":{"esclatasang":15,"fredolic":18,"blava":0,"peus-de-rata":14,"orella-de-llebre":13,"cama-sec":0,"girgola":0},"bestSpecies":"fredolic","bestScore":18}},{"type":"Feature","geometry":{"type":"Polygon","coordinates":[[[3.20473,39.39934],[3.24473,39.39934],[3.24473,39.42934],[3.20473,39.42934],[3.20473,39.39934]]]},"properties":{"id":"c36","elevation":72,"region":"llevant_sud","forestType":"pinar_muntanya_calcari","distToCoastKm":2.8,"scores":{"esclatasang":17,"fredolic":20,"blava":0,"peus-de-rata":16,"orella-de-llebre":14,"cama-sec":0,"girgola":0},"bestSpecies":"fredolic","bestScore":20}},{"type":"Feature","geometry":{"type":"Polygon","coordinates":[[[3.24473,39.39934],[3.28473,39.39934],[3.28473,39.42934],[3.24473,39.42934],[3.24473,39.39934]]]},"properties":{"id":"c37","elevation":8,"region":"llevant_sud","forestType":"pinar_muntanya_calcari","distToCoastKm":0,"scores":{"esclatasang":17,"fredolic":20,"blava":0,"peus-de-rata":16,"orella-de-llebre":14,"cama-sec":0,"girgola":0},"bestSpecies":"fredolic","bestScore":20}},{"type":"Feature","geometry":{"type":"Polygon","coordinates":[[[2.72473,39.429339999999996],[2.76473,39.429339999999996],[2.76473,39.45934],[2.72473,39.45934],[2.72473,39.429339999999996]]]},"properties":{"id":"c38","elevation":1,"region":"migjorn","forestType":"pinar_costaner","distToCoastKm":0,"scores":{"esclatasang":7,"fredolic":10,"blava":0,"peus-de-rata":0,"orella-de-llebre":0,"cama-sec":0,"girgola":0},"bestSpecies":"fredolic","bestScore":10}},{"type":"Feature","geometry":{"type":"Polygon","coordinates":[[[2.76473,39.429339999999996],[2.80473,39.429339999999996],[2.80473,39.45934],[2.76473,39.45934],[2.76473,39.429339999999996]]]},"properties":{"id":"c39","elevation":123,"region":"migjorn","forestType":"garriga_marina","distToCoastKm":3.2,"scores":{"esclatasang":0,"fredolic":0,"blava":0,"peus-de-rata":0,"orella-de-llebre":0,"cama-sec":0,"girgola":0},"bestSpecies":"esclatasang","bestScore":0}},{"type":"Feature","geometry":{"type":"Polygon","coordinates":[[[2.80473,39.429339999999996],[2.84473,39.429339999999996],[2.84473,39.45934],[2.80473,39.45934],[2.80473,39.429339999999996]]]},"properties":{"id":"c40","elevation":109,"region":"migjorn","forestType":"garriga_marina","distToCoastKm":6.6,"scores":{"esclatasang":0,"fredolic":0,"blava":0,"peus-de-rata":0,"orella-de-llebre":0,"cama-sec":0,"girgola":0},"bestSpecies":"esclatasang","bestScore":0}},{"type":"Feature","geometry":{"type":"Polygon","coordinates":[[[2.84473,39.429339999999996],[2.8847300000000002,39.429339999999996],[2.8847300000000002,39.45934],[2.84473,39.45934],[2.84473,39.429339999999996]]]},"properties":{"id":"c41","elevation":105,"region":"migjorn","forestType":"garriga_marina","distToCoastKm":8.8,"scores":{"esclatasang":0,"fredolic":0,"blava":0,"peus-de-rata":0,"orella-de-llebre":0,"cama-sec":0,"girgola":0},"bestSpecies":"esclatasang","bestScore":0}},{"type":"Feature","geometry":{"type":"Polygon","coordinates":[[[2.88473,39.429339999999996],[2.92473,39.429339999999996],[2.92473,39.45934],[2.88473,39.45934],[2.88473,39.429339999999996]]]},"properties":{"id":"c42","elevation":98,"region":"migjorn","forestType":"garriga_marina","distToCoastKm":8.9,"scores":{"esclatasang":0,"fredolic":0,"blava":0,"peus-de-rata":0,"orella-de-llebre":0,"cama-sec":0,"girgola":0},"bestSpecies":"esclatasang","bestScore":0}},{"type":"Feature","geometry":{"type":"Polygon","coordinates":[[[2.92473,39.429339999999996],[2.96473,39.429339999999996],[2.96473,39.45934],[2.92473,39.45934],[2.92473,39.429339999999996]]]},"properties":{"id":"c43","elevation":82,"region":"migjorn","forestType":"garriga_marina","distToCoastKm":8.9,"scores":{"esclatasang":0,"fredolic":0,"blava":0,"peus-de-rata":0,"orella-de-llebre":0,"cama-sec":0,"girgola":0},"bestSpecies":"esclatasang","bestScore":0}},{"type":"Feature","geometry":{"type":"Polygon","coordinates":[[[2.96473,39.429339999999996],[3.00473,39.429339999999996],[3.00473,39.45934],[2.96473,39.45934],[2.96473,39.429339999999996]]]},"properties":{"id":"c44","elevation":59,"region":"migjorn","forestType":"garriga_marina","distToCoastKm":9.4,"scores":{"esclatasang":0,"fredolic":0,"blava":0,"peus-de-rata":0,"orella-de-llebre":0,"cama-sec":0,"girgola":0},"bestSpecies":"esclatasang","bestScore":0}},{"type":"Feature","geometry":{"type":"Polygon","coordinates":[[[3.00473,39.429339999999996],[3.04473,39.429339999999996],[3.04473,39.45934],[3.00473,39.45934],[3.00473,39.429339999999996]]]},"properties":{"id":"c45","elevation":33,"region":"llevant_sud","forestType":"pinar_muntanya_calcari","distToCoastKm":10.7,"scores":{"esclatasang":12,"fredolic":16,"blava":0,"peus-de-rata":11,"orella-de-llebre":11,"cama-sec":0,"girgola":0},"bestSpecies":"fredolic","bestScore":16}},{"type":"Feature","geometry":{"type":"Polygon","coordinates":[[[3.08473,39.429339999999996],[3.12473,39.429339999999996],[3.12473,39.45934],[3.08473,39.45934],[3.08473,39.429339999999996]]]},"properties":{"id":"c47","elevation":69,"region":"llevant_sud","forestType":"pinar_muntanya_calcari","distToCoastKm":12.5,"scores":{"esclatasang":15,"fredolic":19,"blava":0,"peus-de-rata":14,"orella-de-llebre":12,"cama-sec":0,"girgola":0},"bestSpecies":"fredolic","bestScore":19}},{"type":"Feature","geometry":{"type":"Polygon","coordinates":[[[3.12473,39.429339999999996],[3.16473,39.429339999999996],[3.16473,39.45934],[3.12473,39.45934],[3.12473,39.429339999999996]]]},"properties":{"id":"c48","elevation":126,"region":"llevant_sud","forestType":"pinar_muntanya_calcari","distToCoastKm":10.2,"scores":{"esclatasang":15,"fredolic":19,"blava":0,"peus-de-rata":14,"orella-de-llebre":12,"cama-sec":0,"girgola":0},"bestSpecies":"fredolic","bestScore":19}},{"type":"Feature","geometry":{"type":"Polygon","coordinates":[[[3.16473,39.429339999999996],[3.20473,39.429339999999996],[3.20473,39.45934],[3.16473,39.45934],[3.16473,39.429339999999996]]]},"properties":{"id":"c49","elevation":283,"region":"llevant_sud","forestType":"pinar_muntanya_calcari","distToCoastKm":6.9,"scores":{"esclatasang":16,"fredolic":18,"blava":0,"peus-de-rata":14,"orella-de-llebre":14,"cama-sec":0,"girgola":0},"bestSpecies":"fredolic","bestScore":18}},{"type":"Feature","geometry":{"type":"Polygon","coordinates":[[[3.20473,39.429339999999996],[3.24473,39.429339999999996],[3.24473,39.45934],[3.20473,39.45934],[3.20473,39.429339999999996]]]},"properties":{"id":"c50","elevation":157,"region":"llevant_sud","forestType":"pinar_muntanya_calcari","distToCoastKm":3.8,"scores":{"esclatasang":17,"fredolic":20,"blava":0,"peus-de-rata":16,"orella-de-llebre":15,"cama-sec":0,"girgola":0},"bestSpecies":"fredolic","bestScore":20}},{"type":"Feature","geometry":{"type":"Polygon","coordinates":[[[3.24473,39.429339999999996],[3.28473,39.429339999999996],[3.28473,39.45934],[3.24473,39.45934],[3.24473,39.429339999999996]]]},"properties":{"id":"c51","elevation":31,"region":"llevant_sud","forestType":"pinar_muntanya_calcari","distToCoastKm":1.1,"scores":{"esclatasang":17,"fredolic":20,"blava":0,"peus-de-rata":16,"orella-de-llebre":15,"cama-sec":0,"girgola":0},"bestSpecies":"fredolic","bestScore":20}},{"type":"Feature","geometry":{"type":"Polygon","coordinates":[[[2.48473,39.45934],[2.52473,39.45934],[2.52473,39.48934],[2.48473,39.48934],[2.48473,39.45934]]]},"properties":{"id":"c52","elevation":127,"region":"migjorn","forestType":"pinar_costaner","distToCoastKm":0.8,"scores":{"esclatasang":11,"fredolic":14,"blava":0,"peus-de-rata":0,"orella-de-llebre":0,"cama-sec":0,"girgola":0},"bestSpecies":"fredolic","bestScore":14}},{"type":"Feature","geometry":{"type":"Polygon","coordinates":[[[2.76473,39.45934],[2.80473,39.45934],[2.80473,39.48934],[2.76473,39.48934],[2.76473,39.45934]]]},"properties":{"id":"c54","elevation":114,"region":"migjorn","forestType":"garriga_marina","distToCoastKm":4.2,"scores":{"esclatasang":0,"fredolic":0,"blava":0,"peus-de-rata":0,"orella-de-llebre":0,"cama-sec":0,"girgola":0},"bestSpecies":"esclatasang","bestScore":0}},{"type":"Feature","geometry":{"type":"Polygon","coordinates":[[[2.80473,39.45934],[2.84473,39.45934],[2.84473,39.48934],[2.80473,39.48934],[2.80473,39.45934]]]},"properties":{"id":"c55","elevation":124,"region":"migjorn","forestType":"garriga_marina","distToCoastKm":7,"scores":{"esclatasang":0,"fredolic":0,"blava":0,"peus-de-rata":0,"orella-de-llebre":0,"cama-sec":0,"girgola":0},"bestSpecies":"esclatasang","bestScore":0}},{"type":"Feature","geometry":{"type":"Polygon","coordinates":[[[2.84473,39.45934],[2.8847300000000002,39.45934],[2.8847300000000002,39.48934],[2.84473,39.48934],[2.84473,39.45934]]]},"properties":{"id":"c56","elevation":117,"region":"migjorn","forestType":"garriga_marina","distToCoastKm":10.3,"scores":{"esclatasang":0,"fredolic":0,"blava":0,"peus-de-rata":0,"orella-de-llebre":0,"cama-sec":0,"girgola":0},"bestSpecies":"esclatasang","bestScore":0}},{"type":"Feature","geometry":{"type":"Polygon","coordinates":[[[2.88473,39.45934],[2.92473,39.45934],[2.92473,39.48934],[2.88473,39.48934],[2.88473,39.45934]]]},"properties":{"id":"c57","elevation":123,"region":"migjorn","forestType":"garriga_marina","distToCoastKm":12.2,"scores":{"esclatasang":0,"fredolic":0,"blava":0,"peus-de-rata":0,"orella-de-llebre":0,"cama-sec":0,"girgola":0},"bestSpecies":"esclatasang","bestScore":0}},{"type":"Feature","geometry":{"type":"Polygon","coordinates":[[[2.92473,39.45934],[2.96473,39.45934],[2.96473,39.48934],[2.92473,39.48934],[2.92473,39.45934]]]},"properties":{"id":"c58","elevation":141,"region":"migjorn","forestType":"garriga_marina","distToCoastKm":12.2,"scores":{"esclatasang":0,"fredolic":0,"blava":0,"peus-de-rata":0,"orella-de-llebre":0,"cama-sec":0,"girgola":0},"bestSpecies":"esclatasang","bestScore":0}},{"type":"Feature","geometry":{"type":"Polygon","coordinates":[[[2.96473,39.45934],[3.00473,39.45934],[3.00473,39.48934],[2.96473,39.48934],[2.96473,39.45934]]]},"properties":{"id":"c59","elevation":109,"region":"migjorn","forestType":"garriga_marina","distToCoastKm":12.6,"scores":{"esclatasang":0,"fredolic":0,"blava":0,"peus-de-rata":0,"orella-de-llebre":0,"cama-sec":0,"girgola":0},"bestSpecies":"esclatasang","bestScore":0}},{"type":"Feature","geometry":{"type":"Polygon","coordinates":[[[3.04473,39.45934],[3.08473,39.45934],[3.08473,39.48934],[3.04473,39.48934],[3.04473,39.45934]]]},"properties":{"id":"c61","elevation":82,"region":"llevant_sud","forestType":"pinar_muntanya_calcari","distToCoastKm":15.4,"scores":{"esclatasang":13,"fredolic":16,"blava":0,"peus-de-rata":12,"orella-de-llebre":11,"cama-sec":0,"girgola":0},"bestSpecies":"fredolic","bestScore":16}},{"type":"Feature","geometry":{"type":"Polygon","coordinates":[[[3.08473,39.45934],[3.12473,39.45934],[3.12473,39.48934],[3.08473,39.48934],[3.08473,39.45934]]]},"properties":{"id":"c62","elevation":75,"region":"llevant_sud","forestType":"pinar_muntanya_calcari","distToCoastKm":14.5,"scores":{"esclatasang":13,"fredolic":16,"blava":0,"peus-de-rata":12,"orella-de-llebre":11,"cama-sec":0,"girgola":0},"bestSpecies":"fredolic","bestScore":16}},{"type":"Feature","geometry":{"type":"Polygon","coordinates":[[[3.16473,39.45934],[3.20473,39.45934],[3.20473,39.48934],[3.16473,39.48934],[3.16473,39.45934]]]},"properties":{"id":"c64","elevation":143,"region":"llevant_sud","forestType":"pinar_muntanya_calcari","distToCoastKm":8.2,"scores":{"esclatasang":14,"fredolic":16,"blava":0,"peus-de-rata":13,"orella-de-llebre":13,"cama-sec":0,"girgola":0},"bestSpecies":"fredolic","bestScore":16}},{"type":"Feature","geometry":{"type":"Polygon","coordinates":[[[3.20473,39.45934],[3.24473,39.45934],[3.24473,39.48934],[3.20473,39.48934],[3.20473,39.45934]]]},"properties":{"id":"c65","elevation":109,"region":"llevant_sud","forestType":"pinar_muntanya_calcari","distToCoastKm":4.8,"scores":{"esclatasang":15,"fredolic":17,"blava":0,"peus-de-rata":14,"orella-de-llebre":13,"cama-sec":0,"girgola":0},"bestSpecies":"fredolic","bestScore":17}},{"type":"Feature","geometry":{"type":"Polygon","coordinates":[[[3.24473,39.45934],[3.28473,39.45934],[3.28473,39.48934],[3.24473,39.48934],[3.24473,39.45934]]]},"properties":{"id":"c66","elevation":72,"region":"llevant_sud","forestType":"pinar_muntanya_calcari","distToCoastKm":1.5,"scores":{"esclatasang":15,"fredolic":17,"blava":0,"peus-de-rata":14,"orella-de-llebre":13,"cama-sec":0,"girgola":0},"bestSpecies":"fredolic","bestScore":17}},{"type":"Feature","geometry":{"type":"Polygon","coordinates":[[[2.44473,39.48934],[2.48473,39.48934],[2.48473,39.51934],[2.44473,39.51934],[2.44473,39.48934]]]},"properties":{"id":"c67","elevation":35,"region":"pla","forestType":"pinar_costaner","distToCoastKm":0.3,"scores":{"esclatasang":11,"fredolic":14,"blava":0,"peus-de-rata":0,"orella-de-llebre":0,"cama-sec":0,"girgola":0},"bestSpecies":"fredolic","bestScore":14}},{"type":"Feature","geometry":{"type":"Polygon","coordinates":[[[2.48473,39.48934],[2.52473,39.48934],[2.52473,39.51934],[2.48473,39.51934],[2.48473,39.48934]]]},"properties":{"id":"c68","elevation":23,"region":"pla","forestType":"pinar_costaner","distToCoastKm":2.4,"scores":{"esclatasang":11,"fredolic":14,"blava":0,"peus-de-rata":0,"orella-de-llebre":0,"cama-sec":0,"girgola":0},"bestSpecies":"fredolic","bestScore":14}},{"type":"Feature","geometry":{"type":"Polygon","coordinates":[[[2.76473,39.48934],[2.80473,39.48934],[2.80473,39.51934],[2.76473,39.51934],[2.76473,39.48934]]]},"properties":{"id":"c69","elevation":68,"region":"pla","forestType":"pinar_costaner","distToCoastKm":2.9,"scores":{"esclatasang":4,"fredolic":5,"blava":0,"peus-de-rata":0,"orella-de-llebre":0,"cama-sec":0,"girgola":0},"bestSpecies":"fredolic","bestScore":5}},{"type":"Feature","geometry":{"type":"Polygon","coordinates":[[[2.80473,39.48934],[2.84473,39.48934],[2.84473,39.51934],[2.80473,39.51934],[2.80473,39.48934]]]},"properties":{"id":"c70","elevation":125,"region":"pla","forestType":"agricola_seca","distToCoastKm":6.3,"scores":{"esclatasang":0,"fredolic":0,"blava":0,"peus-de-rata":0,"orella-de-llebre":0,"cama-sec":30,"girgola":0},"bestSpecies":"cama-sec","bestScore":30}},{"type":"Feature","geometry":{"type":"Polygon","coordinates":[[[2.84473,39.48934],[2.8847300000000002,39.48934],[2.8847300000000002,39.51934],[2.84473,39.51934],[2.84473,39.48934]]]},"properties":{"id":"c71","elevation":153,"region":"pla","forestType":"agricola_seca","distToCoastKm":9.7,"scores":{"esclatasang":0,"fredolic":0,"blava":0,"peus-de-rata":0,"orella-de-llebre":0,"cama-sec":30,"girgola":0},"bestSpecies":"cama-sec","bestScore":30}},{"type":"Feature","geometry":{"type":"Polygon","coordinates":[[[2.88473,39.48934],[2.92473,39.48934],[2.92473,39.51934],[2.88473,39.51934],[2.88473,39.48934]]]},"properties":{"id":"c72","elevation":174,"region":"pla","forestType":"agricola_seca","distToCoastKm":13.2,"scores":{"esclatasang":0,"fredolic":0,"blava":0,"peus-de-rata":0,"orella-de-llebre":0,"cama-sec":30,"girgola":0},"bestSpecies":"cama-sec","bestScore":30}},{"type":"Feature","geometry":{"type":"Polygon","coordinates":[[[2.92473,39.48934],[2.96473,39.48934],[2.96473,39.51934],[2.92473,39.51934],[2.92473,39.48934]]]},"properties":{"id":"c73","elevation":199,"region":"pla","forestType":"agricola_seca","distToCoastKm":15.6,"scores":{"esclatasang":0,"fredolic":0,"blava":0,"peus-de-rata":0,"orella-de-llebre":0,"cama-sec":30,"girgola":0},"bestSpecies":"cama-sec","bestScore":30}},{"type":"Feature","geometry":{"type":"Polygon","coordinates":[[[2.96473,39.48934],[3.00473,39.48934],[3.00473,39.51934],[2.96473,39.51934],[2.96473,39.48934]]]},"properties":{"id":"c74","elevation":248,"region":"pla","forestType":"agricola_seca","distToCoastKm":15.9,"scores":{"esclatasang":0,"fredolic":0,"blava":0,"peus-de-rata":0,"orella-de-llebre":0,"cama-sec":30,"girgola":0},"bestSpecies":"cama-sec","bestScore":30}},{"type":"Feature","geometry":{"type":"Polygon","coordinates":[[[3.00473,39.48934],[3.04473,39.48934],[3.04473,39.51934],[3.00473,39.51934],[3.00473,39.48934]]]},"properties":{"id":"c75","elevation":117,"region":"llevant_sud","forestType":"pinar_muntanya_calcari","distToCoastKm":16.8,"scores":{"esclatasang":14,"fredolic":16,"blava":0,"peus-de-rata":13,"orella-de-llebre":13,"cama-sec":0,"girgola":0},"bestSpecies":"fredolic","bestScore":16}},{"type":"Feature","geometry":{"type":"Polygon","coordinates":[[[3.04473,39.48934],[3.08473,39.48934],[3.08473,39.51934],[3.04473,39.51934],[3.04473,39.48934]]]},"properties":{"id":"c76","elevation":100,"region":"llevant_sud","forestType":"pinar_muntanya_calcari","distToCoastKm":18.2,"scores":{"esclatasang":13,"fredolic":16,"blava":0,"peus-de-rata":12,"orella-de-llebre":11,"cama-sec":0,"girgola":0},"bestSpecies":"fredolic","bestScore":16}},{"type":"Feature","geometry":{"type":"Polygon","coordinates":[[[3.08473,39.48934],[3.12473,39.48934],[3.12473,39.51934],[3.08473,39.51934],[3.08473,39.48934]]]},"properties":{"id":"c77","elevation":76,"region":"llevant_sud","forestType":"pinar_muntanya_calcari","distToCoastKm":15.6,"scores":{"esclatasang":13,"fredolic":16,"blava":0,"peus-de-rata":12,"orella-de-llebre":11,"cama-sec":0,"girgola":0},"bestSpecies":"fredolic","bestScore":16}},{"type":"Feature","geometry":{"type":"Polygon","coordinates":[[[3.12473,39.48934],[3.16473,39.48934],[3.16473,39.51934],[3.12473,39.51934],[3.12473,39.48934]]]},"properties":{"id":"c78","elevation":77,"region":"llevant_sud","forestType":"pinar_muntanya_calcari","distToCoastKm":12.3,"scores":{"esclatasang":13,"fredolic":16,"blava":0,"peus-de-rata":12,"orella-de-llebre":11,"cama-sec":0,"girgola":0},"bestSpecies":"fredolic","bestScore":16}},{"type":"Feature","geometry":{"type":"Polygon","coordinates":[[[3.16473,39.48934],[3.20473,39.48934],[3.20473,39.51934],[3.16473,39.51934],[3.16473,39.48934]]]},"properties":{"id":"c79","elevation":151,"region":"llevant_sud","forestType":"pinar_muntanya_calcari","distToCoastKm":9,"scores":{"esclatasang":14,"fredolic":16,"blava":0,"peus-de-rata":13,"orella-de-llebre":13,"cama-sec":0,"girgola":0},"bestSpecies":"fredolic","bestScore":16}},{"type":"Feature","geometry":{"type":"Polygon","coordinates":[[[3.20473,39.48934],[3.24473,39.48934],[3.24473,39.51934],[3.20473,39.51934],[3.20473,39.48934]]]},"properties":{"id":"c80","elevation":185,"region":"llevant_sud","forestType":"pinar_muntanya_calcari","distToCoastKm":5.7,"scores":{"esclatasang":13,"fredolic":17,"blava":0,"peus-de-rata":11,"orella-de-llebre":11,"cama-sec":0,"girgola":0},"bestSpecies":"fredolic","bestScore":17}},{"type":"Feature","geometry":{"type":"Polygon","coordinates":[[[3.24473,39.48934],[3.28473,39.48934],[3.28473,39.51934],[3.24473,39.51934],[3.24473,39.48934]]]},"properties":{"id":"c81","elevation":98,"region":"llevant_sud","forestType":"pinar_muntanya_calcari","distToCoastKm":2.6,"scores":{"esclatasang":15,"fredolic":17,"blava":0,"peus-de-rata":14,"orella-de-llebre":13,"cama-sec":0,"girgola":0},"bestSpecies":"fredolic","bestScore":17}},{"type":"Feature","geometry":{"type":"Polygon","coordinates":[[[2.3647299999999998,39.51934],[2.40473,39.51934],[2.40473,39.54934],[2.3647299999999998,39.54934],[2.3647299999999998,39.51934]]]},"properties":{"id":"c82","elevation":74,"region":"pla","forestType":"pinar_costaner","distToCoastKm":0.1,"scores":{"esclatasang":20,"fredolic":26,"blava":0,"peus-de-rata":0,"orella-de-llebre":0,"cama-sec":0,"girgola":0},"bestSpecies":"fredolic","bestScore":26}},{"type":"Feature","geometry":{"type":"Polygon","coordinates":[[[2.40473,39.51934],[2.44473,39.51934],[2.44473,39.54934],[2.40473,39.54934],[2.40473,39.51934]]]},"properties":{"id":"c83","elevation":43,"region":"pla","forestType":"pinar_costaner","distToCoastKm":0.2,"scores":{"esclatasang":17,"fredolic":22,"blava":0,"peus-de-rata":0,"orella-de-llebre":0,"cama-sec":0,"girgola":0},"bestSpecies":"fredolic","bestScore":22}},{"type":"Feature","geometry":{"type":"Polygon","coordinates":[[[2.48473,39.51934],[2.52473,39.51934],[2.52473,39.54934],[2.48473,39.54934],[2.48473,39.51934]]]},"properties":{"id":"c85","elevation":54,"region":"pla","forestType":"pinar_costaner","distToCoastKm":2.8,"scores":{"esclatasang":13,"fredolic":16,"blava":0,"peus-de-rata":0,"orella-de-llebre":0,"cama-sec":0,"girgola":0},"bestSpecies":"fredolic","bestScore":16}},{"type":"Feature","geometry":{"type":"Polygon","coordinates":[[[2.52473,39.51934],[2.56473,39.51934],[2.56473,39.54934],[2.52473,39.54934],[2.52473,39.51934]]]},"properties":{"id":"c86","elevation":58,"region":"pla","forestType":"pinar_costaner","distToCoastKm":0.9,"scores":{"esclatasang":12,"fredolic":15,"blava":0,"peus-de-rata":0,"orella-de-llebre":0,"cama-sec":0,"girgola":0},"bestSpecies":"fredolic","bestScore":15}},{"type":"Feature","geometry":{"type":"Polygon","coordinates":[[[2.56473,39.51934],[2.60473,39.51934],[2.60473,39.54934],[2.56473,39.54934],[2.56473,39.51934]]]},"properties":{"id":"c87","elevation":50,"region":"pla","forestType":"pinar_costaner","distToCoastKm":0.1,"scores":{"esclatasang":12,"fredolic":15,"blava":0,"peus-de-rata":0,"orella-de-llebre":0,"cama-sec":0,"girgola":0},"bestSpecies":"fredolic","bestScore":15}},{"type":"Feature","geometry":{"type":"Polygon","coordinates":[[[2.72473,39.51934],[2.76473,39.51934],[2.76473,39.54934],[2.72473,39.54934],[2.72473,39.51934]]]},"properties":{"id":"c88","elevation":1,"region":"pla","forestType":"pinar_costaner","distToCoastKm":1.4,"scores":{"esclatasang":9,"fredolic":12,"blava":0,"peus-de-rata":0,"orella-de-llebre":0,"cama-sec":0,"girgola":0},"bestSpecies":"fredolic","bestScore":12}},{"type":"Feature","geometry":{"type":"Polygon","coordinates":[[[2.76473,39.51934],[2.80473,39.51934],[2.80473,39.54934],[2.76473,39.54934],[2.76473,39.51934]]]},"properties":{"id":"c89","elevation":65,"region":"pla","forestType":"agricola_seca","distToCoastKm":4,"scores":{"esclatasang":0,"fredolic":0,"blava":0,"peus-de-rata":0,"orella-de-llebre":0,"cama-sec":29,"girgola":0},"bestSpecies":"cama-sec","bestScore":29}},{"type":"Feature","geometry":{"type":"Polygon","coordinates":[[[2.80473,39.51934],[2.84473,39.51934],[2.84473,39.54934],[2.80473,39.54934],[2.80473,39.51934]]]},"properties":{"id":"c90","elevation":149,"region":"pla","forestType":"agricola_seca","distToCoastKm":7,"scores":{"esclatasang":0,"fredolic":0,"blava":0,"peus-de-rata":0,"orella-de-llebre":0,"cama-sec":29,"girgola":0},"bestSpecies":"cama-sec","bestScore":29}},{"type":"Feature","geometry":{"type":"Polygon","coordinates":[[[2.84473,39.51934],[2.8847300000000002,39.51934],[2.8847300000000002,39.54934],[2.84473,39.54934],[2.84473,39.51934]]]},"properties":{"id":"c91","elevation":206,"region":"pla","forestType":"agricola_seca","distToCoastKm":10.2,"scores":{"esclatasang":0,"fredolic":0,"blava":0,"peus-de-rata":0,"orella-de-llebre":0,"cama-sec":29,"girgola":0},"bestSpecies":"cama-sec","bestScore":29}},{"type":"Feature","geometry":{"type":"Polygon","coordinates":[[[2.88473,39.51934],[2.92473,39.51934],[2.92473,39.54934],[2.88473,39.54934],[2.88473,39.51934]]]},"properties":{"id":"c92","elevation":255,"region":"pla","forestType":"agricola_seca","distToCoastKm":13.5,"scores":{"esclatasang":0,"fredolic":0,"blava":0,"peus-de-rata":0,"orella-de-llebre":0,"cama-sec":29,"girgola":0},"bestSpecies":"cama-sec","bestScore":29}},{"type":"Feature","geometry":{"type":"Polygon","coordinates":[[[2.92473,39.51934],[2.96473,39.51934],[2.96473,39.54934],[2.92473,39.54934],[2.92473,39.51934]]]},"properties":{"id":"c93","elevation":252,"region":"pla","forestType":"agricola_seca","distToCoastKm":16.9,"scores":{"esclatasang":0,"fredolic":0,"blava":0,"peus-de-rata":0,"orella-de-llebre":0,"cama-sec":29,"girgola":0},"bestSpecies":"cama-sec","bestScore":29}},{"type":"Feature","geometry":{"type":"Polygon","coordinates":[[[2.96473,39.51934],[3.00473,39.51934],[3.00473,39.54934],[2.96473,39.54934],[2.96473,39.51934]]]},"properties":{"id":"c94","elevation":176,"region":"pla","forestType":"agricola_seca","distToCoastKm":19.2,"scores":{"esclatasang":0,"fredolic":0,"blava":0,"peus-de-rata":0,"orella-de-llebre":0,"cama-sec":30,"girgola":0},"bestSpecies":"cama-sec","bestScore":30}},{"type":"Feature","geometry":{"type":"Polygon","coordinates":[[[3.00473,39.51934],[3.04473,39.51934],[3.04473,39.54934],[3.00473,39.54934],[3.00473,39.51934]]]},"properties":{"id":"c95","elevation":143,"region":"llevant_sud","forestType":"pinar_muntanya_calcari","distToCoastKm":19.9,"scores":{"esclatasang":13,"fredolic":16,"blava":0,"peus-de-rata":12,"orella-de-llebre":11,"cama-sec":0,"girgola":0},"bestSpecies":"fredolic","bestScore":16}},{"type":"Feature","geometry":{"type":"Polygon","coordinates":[[[3.04473,39.51934],[3.08473,39.51934],[3.08473,39.54934],[3.04473,39.54934],[3.04473,39.51934]]]},"properties":{"id":"c96","elevation":114,"region":"llevant_sud","forestType":"pinar_muntanya_calcari","distToCoastKm":19.8,"scores":{"esclatasang":14,"fredolic":17,"blava":0,"peus-de-rata":13,"orella-de-llebre":11,"cama-sec":0,"girgola":0},"bestSpecies":"fredolic","bestScore":17}},{"type":"Feature","geometry":{"type":"Polygon","coordinates":[[[3.08473,39.51934],[3.12473,39.51934],[3.12473,39.54934],[3.08473,39.54934],[3.08473,39.51934]]]},"properties":{"id":"c97","elevation":91,"region":"llevant_sud","forestType":"pinar_muntanya_calcari","distToCoastKm":16.5,"scores":{"esclatasang":13,"fredolic":16,"blava":0,"peus-de-rata":12,"orella-de-llebre":11,"cama-sec":0,"girgola":0},"bestSpecies":"fredolic","bestScore":16}},{"type":"Feature","geometry":{"type":"Polygon","coordinates":[[[3.12473,39.51934],[3.16473,39.51934],[3.16473,39.54934],[3.12473,39.54934],[3.12473,39.51934]]]},"properties":{"id":"c98","elevation":78,"region":"llevant_sud","forestType":"pinar_muntanya_calcari","distToCoastKm":13.3,"scores":{"esclatasang":13,"fredolic":16,"blava":0,"peus-de-rata":12,"orella-de-llebre":11,"cama-sec":0,"girgola":0},"bestSpecies":"fredolic","bestScore":16}},{"type":"Feature","geometry":{"type":"Polygon","coordinates":[[[3.16473,39.51934],[3.20473,39.51934],[3.20473,39.54934],[3.16473,39.54934],[3.16473,39.51934]]]},"properties":{"id":"c99","elevation":91,"region":"llevant_sud","forestType":"pinar_muntanya_calcari","distToCoastKm":10.2,"scores":{"esclatasang":12,"fredolic":16,"blava":0,"peus-de-rata":11,"orella-de-llebre":10,"cama-sec":0,"girgola":0},"bestSpecies":"fredolic","bestScore":16}},{"type":"Feature","geometry":{"type":"Polygon","coordinates":[[[3.20473,39.51934],[3.24473,39.51934],[3.24473,39.54934],[3.20473,39.54934],[3.20473,39.51934]]]},"properties":{"id":"c100","elevation":172,"region":"llevant_sud","forestType":"pinar_muntanya_calcari","distToCoastKm":7.2,"scores":{"esclatasang":12,"fredolic":17,"blava":0,"peus-de-rata":11,"orella-de-llebre":10,"cama-sec":0,"girgola":0},"bestSpecies":"fredolic","bestScore":17}},{"type":"Feature","geometry":{"type":"Polygon","coordinates":[[[3.24473,39.51934],[3.28473,39.51934],[3.28473,39.54934],[3.24473,39.54934],[3.24473,39.51934]]]},"properties":{"id":"c101","elevation":74,"region":"llevant_sud","forestType":"pinar_muntanya_calcari","distToCoastKm":4.4,"scores":{"esclatasang":12,"fredolic":17,"blava":0,"peus-de-rata":11,"orella-de-llebre":10,"cama-sec":0,"girgola":0},"bestSpecies":"fredolic","bestScore":17}},{"type":"Feature","geometry":{"type":"Polygon","coordinates":[[[3.28473,39.51934],[3.32473,39.51934],[3.32473,39.54934],[3.28473,39.54934],[3.28473,39.51934]]]},"properties":{"id":"c102","elevation":44,"region":"llevant_sud","forestType":"pinar_muntanya_calcari","distToCoastKm":1.7,"scores":{"esclatasang":13,"fredolic":18,"blava":0,"peus-de-rata":12,"orella-de-llebre":11,"cama-sec":0,"girgola":0},"bestSpecies":"fredolic","bestScore":18}},{"type":"Feature","geometry":{"type":"Polygon","coordinates":[[[2.3647299999999998,39.54934],[2.40473,39.54934],[2.40473,39.57934],[2.3647299999999998,39.57934],[2.3647299999999998,39.54934]]]},"properties":{"id":"c103","elevation":118,"region":"tramuntana","forestType":"pinar_costaner","distToCoastKm":1.8,"scores":{"esclatasang":20,"fredolic":26,"blava":0,"peus-de-rata":0,"orella-de-llebre":0,"cama-sec":0,"girgola":0},"bestSpecies":"fredolic","bestScore":26}},{"type":"Feature","geometry":{"type":"Polygon","coordinates":[[[2.40473,39.54934],[2.44473,39.54934],[2.44473,39.57934],[2.40473,39.57934],[2.40473,39.54934]]]},"properties":{"id":"c104","elevation":109,"region":"tramuntana","forestType":"alzinar_baix","distToCoastKm":2.9,"scores":{"esclatasang":0,"fredolic":0,"blava":0,"peus-de-rata":16,"orella-de-llebre":14,"cama-sec":0,"girgola":0},"bestSpecies":"peus-de-rata","bestScore":16}},{"type":"Feature","geometry":{"type":"Polygon","coordinates":[[[2.44473,39.54934],[2.48473,39.54934],[2.48473,39.57934],[2.44473,39.57934],[2.44473,39.54934]]]},"properties":{"id":"c105","elevation":105,"region":"tramuntana","forestType":"alzinar_baix","distToCoastKm":3.2,"scores":{"esclatasang":0,"fredolic":0,"blava":0,"peus-de-rata":16,"orella-de-llebre":14,"cama-sec":0,"girgola":0},"bestSpecies":"peus-de-rata","bestScore":16}},{"type":"Feature","geometry":{"type":"Polygon","coordinates":[[[2.52473,39.54934],[2.56473,39.54934],[2.56473,39.57934],[2.52473,39.57934],[2.52473,39.54934]]]},"properties":{"id":"c107","elevation":284,"region":"tramuntana","forestType":"pinar_muntanya_calcari","distToCoastKm":3.9,"scores":{"esclatasang":13,"fredolic":15,"blava":0,"peus-de-rata":12,"orella-de-llebre":12,"cama-sec":0,"girgola":0},"bestSpecies":"fredolic","bestScore":15}},{"type":"Feature","geometry":{"type":"Polygon","coordinates":[[[2.56473,39.54934],[2.60473,39.54934],[2.60473,39.57934],[2.56473,39.57934],[2.56473,39.54934]]]},"properties":{"id":"c108","elevation":333,"region":"tramuntana","forestType":"pinar_muntanya_calcari","distToCoastKm":2,"scores":{"esclatasang":11,"fredolic":15,"blava":0,"peus-de-rata":10,"orella-de-llebre":10,"cama-sec":0,"girgola":0},"bestSpecies":"fredolic","bestScore":15}},{"type":"Feature","geometry":{"type":"Polygon","coordinates":[[[2.60473,39.54934],[2.64473,39.54934],[2.64473,39.57934],[2.60473,39.57934],[2.60473,39.54934]]]},"properties":{"id":"c109","elevation":34,"region":"tramuntana","forestType":"pinar_costaner","distToCoastKm":0.3,"scores":{"esclatasang":12,"fredolic":16,"blava":0,"peus-de-rata":0,"orella-de-llebre":0,"cama-sec":0,"girgola":0},"bestSpecies":"fredolic","bestScore":16}},{"type":"Feature","geometry":{"type":"Polygon","coordinates":[[[2.64473,39.54934],[2.68473,39.54934],[2.68473,39.57934],[2.64473,39.57934],[2.64473,39.54934]]]},"properties":{"id":"c110","elevation":7,"region":"tramuntana","forestType":"pinar_costaner","distToCoastKm":0.3,"scores":{"esclatasang":10,"fredolic":13,"blava":0,"peus-de-rata":0,"orella-de-llebre":0,"cama-sec":0,"girgola":0},"bestSpecies":"fredolic","bestScore":13}},{"type":"Feature","geometry":{"type":"Polygon","coordinates":[[[2.72473,39.54934],[2.76473,39.54934],[2.76473,39.57934],[2.72473,39.57934],[2.72473,39.54934]]]},"properties":{"id":"c112","elevation":2,"region":"tramuntana","forestType":"alzinar_baix","distToCoastKm":3.9,"scores":{"esclatasang":0,"fredolic":0,"blava":0,"peus-de-rata":9,"orella-de-llebre":8,"cama-sec":0,"girgola":0},"bestSpecies":"peus-de-rata","bestScore":9}},{"type":"Feature","geometry":{"type":"Polygon","coordinates":[[[2.76473,39.54934],[2.80473,39.54934],[2.80473,39.57934],[2.76473,39.57934],[2.76473,39.54934]]]},"properties":{"id":"c113","elevation":10,"region":"tramuntana","forestType":"alzinar_baix","distToCoastKm":6.1,"scores":{"esclatasang":0,"fredolic":0,"blava":0,"peus-de-rata":9,"orella-de-llebre":9,"cama-sec":0,"girgola":0},"bestSpecies":"peus-de-rata","bestScore":9}},{"type":"Feature","geometry":{"type":"Polygon","coordinates":[[[2.80473,39.54934],[2.84473,39.54934],[2.84473,39.57934],[2.80473,39.57934],[2.80473,39.54934]]]},"properties":{"id":"c114","elevation":118,"region":"tramuntana","forestType":"alzinar_baix","distToCoastKm":8.8,"scores":{"esclatasang":0,"fredolic":0,"blava":0,"peus-de-rata":11,"orella-de-llebre":11,"cama-sec":0,"girgola":0},"bestSpecies":"peus-de-rata","bestScore":11}},{"type":"Feature","geometry":{"type":"Polygon","coordinates":[[[2.84473,39.54934],[2.8847300000000002,39.54934],[2.8847300000000002,39.57934],[2.84473,39.57934],[2.84473,39.54934]]]},"properties":{"id":"c115","elevation":169,"region":"tramuntana","forestType":"pinar_muntanya_calcari","distToCoastKm":11.6,"scores":{"esclatasang":12,"fredolic":14,"blava":0,"peus-de-rata":12,"orella-de-llebre":12,"cama-sec":0,"girgola":0},"bestSpecies":"fredolic","bestScore":14}},{"type":"Feature","geometry":{"type":"Polygon","coordinates":[[[2.88473,39.54934],[2.92473,39.54934],[2.92473,39.57934],[2.88473,39.57934],[2.88473,39.54934]]]},"properties":{"id":"c116","elevation":187,"region":"tramuntana","forestType":"pinar_muntanya_calcari","distToCoastKm":14.7,"scores":{"esclatasang":12,"fredolic":14,"blava":0,"peus-de-rata":12,"orella-de-llebre":12,"cama-sec":0,"girgola":0},"bestSpecies":"fredolic","bestScore":14}},{"type":"Feature","geometry":{"type":"Polygon","coordinates":[[[2.92473,39.54934],[2.96473,39.54934],[2.96473,39.57934],[2.92473,39.57934],[2.92473,39.54934]]]},"properties":{"id":"c117","elevation":143,"region":"tramuntana","forestType":"alzinar_baix","distToCoastKm":17.8,"scores":{"esclatasang":0,"fredolic":0,"blava":0,"peus-de-rata":12,"orella-de-llebre":10,"cama-sec":0,"girgola":0},"bestSpecies":"peus-de-rata","bestScore":12}},{"type":"Feature","geometry":{"type":"Polygon","coordinates":[[[2.96473,39.54934],[3.00473,39.54934],[3.00473,39.57934],[2.96473,39.57934],[2.96473,39.54934]]]},"properties":{"id":"c118","elevation":142,"region":"pla","forestType":"agricola_seca","distToCoastKm":21,"scores":{"esclatasang":0,"fredolic":0,"blava":0,"peus-de-rata":0,"orella-de-llebre":0,"cama-sec":30,"girgola":0},"bestSpecies":"cama-sec","bestScore":30}},{"type":"Feature","geometry":{"type":"Polygon","coordinates":[[[3.00473,39.54934],[3.04473,39.54934],[3.04473,39.57934],[3.00473,39.57934],[3.00473,39.54934]]]},"properties":{"id":"c119","elevation":152,"region":"pla","forestType":"agricola_seca","distToCoastKm":23.2,"scores":{"esclatasang":0,"fredolic":0,"blava":0,"peus-de-rata":0,"orella-de-llebre":0,"cama-sec":30,"girgola":0},"bestSpecies":"cama-sec","bestScore":30}},{"type":"Feature","geometry":{"type":"Polygon","coordinates":[[[3.04473,39.54934],[3.08473,39.54934],[3.08473,39.57934],[3.04473,39.57934],[3.04473,39.54934]]]},"properties":{"id":"c120","elevation":113,"region":"pla","forestType":"agricola_seca","distToCoastKm":21,"scores":{"esclatasang":0,"fredolic":0,"blava":0,"peus-de-rata":0,"orella-de-llebre":0,"cama-sec":31,"girgola":0},"bestSpecies":"cama-sec","bestScore":31}},{"type":"Feature","geometry":{"type":"Polygon","coordinates":[[[3.08473,39.54934],[3.12473,39.54934],[3.12473,39.57934],[3.08473,39.57934],[3.08473,39.54934]]]},"properties":{"id":"c121","elevation":79,"region":"pla","forestType":"agricola_seca","distToCoastKm":17.9,"scores":{"esclatasang":0,"fredolic":0,"blava":0,"peus-de-rata":0,"orella-de-llebre":0,"cama-sec":30,"girgola":0},"bestSpecies":"cama-sec","bestScore":30}},{"type":"Feature","geometry":{"type":"Polygon","coordinates":[[[3.12473,39.54934],[3.16473,39.54934],[3.16473,39.57934],[3.12473,39.57934],[3.12473,39.54934]]]},"properties":{"id":"c122","elevation":55,"region":"pla","forestType":"agricola_seca","distToCoastKm":14.8,"scores":{"esclatasang":0,"fredolic":0,"blava":0,"peus-de-rata":0,"orella-de-llebre":0,"cama-sec":30,"girgola":0},"bestSpecies":"cama-sec","bestScore":30}},{"type":"Feature","geometry":{"type":"Polygon","coordinates":[[[3.16473,39.54934],[3.20473,39.54934],[3.20473,39.57934],[3.16473,39.57934],[3.16473,39.54934]]]},"properties":{"id":"c123","elevation":72,"region":"llevant_nord","forestType":"pinar_muntanya_calcari","distToCoastKm":11.9,"scores":{"esclatasang":12,"fredolic":16,"blava":0,"peus-de-rata":11,"orella-de-llebre":10,"cama-sec":0,"girgola":0},"bestSpecies":"fredolic","bestScore":16}},{"type":"Feature","geometry":{"type":"Polygon","coordinates":[[[3.20473,39.54934],[3.24473,39.54934],[3.24473,39.57934],[3.20473,39.57934],[3.20473,39.54934]]]},"properties":{"id":"c124","elevation":91,"region":"llevant_nord","forestType":"pinar_muntanya_calcari","distToCoastKm":9.1,"scores":{"esclatasang":12,"fredolic":17,"blava":0,"peus-de-rata":11,"orella-de-llebre":10,"cama-sec":0,"girgola":0},"bestSpecies":"fredolic","bestScore":17}},{"type":"Feature","geometry":{"type":"Polygon","coordinates":[[[3.24473,39.54934],[3.28473,39.54934],[3.28473,39.57934],[3.24473,39.57934],[3.24473,39.54934]]]},"properties":{"id":"c125","elevation":62,"region":"llevant_nord","forestType":"pinar_muntanya_calcari","distToCoastKm":6.3,"scores":{"esclatasang":12,"fredolic":17,"blava":0,"peus-de-rata":11,"orella-de-llebre":10,"cama-sec":0,"girgola":0},"bestSpecies":"fredolic","bestScore":17}},{"type":"Feature","geometry":{"type":"Polygon","coordinates":[[[3.28473,39.54934],[3.32473,39.54934],[3.32473,39.57934],[3.28473,39.57934],[3.28473,39.54934]]]},"properties":{"id":"c126","elevation":71,"region":"llevant_nord","forestType":"pinar_muntanya_calcari","distToCoastKm":3.5,"scores":{"esclatasang":13,"fredolic":18,"blava":0,"peus-de-rata":12,"orella-de-llebre":11,"cama-sec":0,"girgola":0},"bestSpecies":"fredolic","bestScore":18}},{"type":"Feature","geometry":{"type":"Polygon","coordinates":[[[3.32473,39.54934],[3.36473,39.54934],[3.36473,39.57934],[3.32473,39.57934],[3.32473,39.54934]]]},"properties":{"id":"c127","elevation":24,"region":"llevant_nord","forestType":"pinar_muntanya_calcari","distToCoastKm":1.9,"scores":{"esclatasang":15,"fredolic":18,"blava":0,"peus-de-rata":14,"orella-de-llebre":13,"cama-sec":0,"girgola":0},"bestSpecies":"fredolic","bestScore":18}},{"type":"Feature","geometry":{"type":"Polygon","coordinates":[[[2.3647299999999998,39.57934],[2.40473,39.57934],[2.40473,39.60934],[2.3647299999999998,39.60934],[2.3647299999999998,39.57934]]]},"properties":{"id":"c128","elevation":277,"region":"tramuntana","forestType":"pinar_muntanya_calcari","distToCoastKm":2.1,"scores":{"esclatasang":21,"fredolic":26,"blava":0,"peus-de-rata":20,"orella-de-llebre":19,"cama-sec":0,"girgola":0},"bestSpecies":"fredolic","bestScore":26}},{"type":"Feature","geometry":{"type":"Polygon","coordinates":[[[2.40473,39.57934],[2.44473,39.57934],[2.44473,39.60934],[2.40473,39.60934],[2.40473,39.57934]]]},"properties":{"id":"c129","elevation":306,"region":"tramuntana","forestType":"pinar_muntanya_calcari","distToCoastKm":3.6,"scores":{"esclatasang":21,"fredolic":26,"blava":0,"peus-de-rata":20,"orella-de-llebre":19,"cama-sec":0,"girgola":0},"bestSpecies":"fredolic","bestScore":26}},{"type":"Feature","geometry":{"type":"Polygon","coordinates":[[[2.44473,39.57934],[2.48473,39.57934],[2.48473,39.60934],[2.44473,39.60934],[2.44473,39.57934]]]},"properties":{"id":"c130","elevation":355,"region":"tramuntana","forestType":"pinar_muntanya_calcari","distToCoastKm":5.4,"scores":{"esclatasang":21,"fredolic":26,"blava":0,"peus-de-rata":20,"orella-de-llebre":19,"cama-sec":0,"girgola":0},"bestSpecies":"fredolic","bestScore":26}},{"type":"Feature","geometry":{"type":"Polygon","coordinates":[[[2.48473,39.57934],[2.52473,39.57934],[2.52473,39.60934],[2.48473,39.60934],[2.48473,39.57934]]]},"properties":{"id":"c131","elevation":314,"region":"tramuntana","forestType":"pinar_muntanya_calcari","distToCoastKm":7.4,"scores":{"esclatasang":18,"fredolic":21,"blava":0,"peus-de-rata":17,"orella-de-llebre":16,"cama-sec":0,"girgola":0},"bestSpecies":"fredolic","bestScore":21}},{"type":"Feature","geometry":{"type":"Polygon","coordinates":[[[2.52473,39.57934],[2.56473,39.57934],[2.56473,39.60934],[2.52473,39.60934],[2.52473,39.57934]]]},"properties":{"id":"c132","elevation":341,"region":"tramuntana","forestType":"pinar_muntanya_calcari","distToCoastKm":6.8,"scores":{"esclatasang":15,"fredolic":18,"blava":0,"peus-de-rata":14,"orella-de-llebre":14,"cama-sec":0,"girgola":0},"bestSpecies":"fredolic","bestScore":18}},{"type":"Feature","geometry":{"type":"Polygon","coordinates":[[[2.60473,39.57934],[2.64473,39.57934],[2.64473,39.60934],[2.60473,39.60934],[2.60473,39.57934]]]},"properties":{"id":"c134","elevation":62,"region":"tramuntana","forestType":"alzinar_baix","distToCoastKm":3,"scores":{"esclatasang":0,"fredolic":0,"blava":0,"peus-de-rata":11,"orella-de-llebre":10,"cama-sec":0,"girgola":0},"bestSpecies":"peus-de-rata","bestScore":11}},{"type":"Feature","geometry":{"type":"Polygon","coordinates":[[[2.64473,39.57934],[2.68473,39.57934],[2.68473,39.60934],[2.64473,39.60934],[2.64473,39.57934]]]},"properties":{"id":"c135","elevation":36,"region":"tramuntana","forestType":"alzinar_baix","distToCoastKm":3.4,"scores":{"esclatasang":0,"fredolic":0,"blava":0,"peus-de-rata":9,"orella-de-llebre":8,"cama-sec":0,"girgola":0},"bestSpecies":"peus-de-rata","bestScore":9}},{"type":"Feature","geometry":{"type":"Polygon","coordinates":[[[2.68473,39.57934],[2.72473,39.57934],[2.72473,39.60934],[2.68473,39.60934],[2.68473,39.57934]]]},"properties":{"id":"c136","elevation":37,"region":"tramuntana","forestType":"alzinar_baix","distToCoastKm":4.6,"scores":{"esclatasang":0,"fredolic":0,"blava":0,"peus-de-rata":9,"orella-de-llebre":8,"cama-sec":0,"girgola":0},"bestSpecies":"peus-de-rata","bestScore":9}},{"type":"Feature","geometry":{"type":"Polygon","coordinates":[[[2.72473,39.57934],[2.76473,39.57934],[2.76473,39.60934],[2.72473,39.60934],[2.72473,39.57934]]]},"properties":{"id":"c137","elevation":55,"region":"tramuntana","forestType":"alzinar_baix","distToCoastKm":6.6,"scores":{"esclatasang":0,"fredolic":0,"blava":0,"peus-de-rata":10,"orella-de-llebre":9,"cama-sec":0,"girgola":0},"bestSpecies":"peus-de-rata","bestScore":10}},{"type":"Feature","geometry":{"type":"Polygon","coordinates":[[[2.76473,39.57934],[2.80473,39.57934],[2.80473,39.60934],[2.76473,39.60934],[2.76473,39.57934]]]},"properties":{"id":"c138","elevation":52,"region":"tramuntana","forestType":"alzinar_baix","distToCoastKm":8.6,"scores":{"esclatasang":0,"fredolic":0,"blava":0,"peus-de-rata":11,"orella-de-llebre":10,"cama-sec":0,"girgola":0},"bestSpecies":"peus-de-rata","bestScore":11}},{"type":"Feature","geometry":{"type":"Polygon","coordinates":[[[2.80473,39.57934],[2.84473,39.57934],[2.84473,39.60934],[2.80473,39.60934],[2.80473,39.57934]]]},"properties":{"id":"c139","elevation":123,"region":"tramuntana","forestType":"alzinar_baix","distToCoastKm":10.9,"scores":{"esclatasang":0,"fredolic":0,"blava":0,"peus-de-rata":11,"orella-de-llebre":11,"cama-sec":0,"girgola":0},"bestSpecies":"peus-de-rata","bestScore":11}},{"type":"Feature","geometry":{"type":"Polygon","coordinates":[[[2.84473,39.57934],[2.8847300000000002,39.57934],[2.8847300000000002,39.60934],[2.84473,39.60934],[2.84473,39.57934]]]},"properties":{"id":"c140","elevation":143,"region":"tramuntana","forestType":"alzinar_baix","distToCoastKm":13.5,"scores":{"esclatasang":0,"fredolic":0,"blava":0,"peus-de-rata":12,"orella-de-llebre":12,"cama-sec":0,"girgola":0},"bestSpecies":"peus-de-rata","bestScore":12}},{"type":"Feature","geometry":{"type":"Polygon","coordinates":[[[2.88473,39.57934],[2.92473,39.57934],[2.92473,39.60934],[2.88473,39.60934],[2.88473,39.57934]]]},"properties":{"id":"c141","elevation":166,"region":"tramuntana","forestType":"pinar_muntanya_calcari","distToCoastKm":16.3,"scores":{"esclatasang":12,"fredolic":14,"blava":0,"peus-de-rata":12,"orella-de-llebre":12,"cama-sec":0,"girgola":0},"bestSpecies":"fredolic","bestScore":14}},{"type":"Feature","geometry":{"type":"Polygon","coordinates":[[[2.92473,39.57934],[2.96473,39.57934],[2.96473,39.60934],[2.92473,39.60934],[2.92473,39.57934]]]},"properties":{"id":"c142","elevation":117,"region":"tramuntana","forestType":"alzinar_baix","distToCoastKm":19.2,"scores":{"esclatasang":0,"fredolic":0,"blava":0,"peus-de-rata":12,"orella-de-llebre":10,"cama-sec":0,"girgola":0},"bestSpecies":"peus-de-rata","bestScore":12}},{"type":"Feature","geometry":{"type":"Polygon","coordinates":[[[2.96473,39.57934],[3.00473,39.57934],[3.00473,39.60934],[2.96473,39.60934],[2.96473,39.57934]]]},"properties":{"id":"c143","elevation":130,"region":"pla","forestType":"agricola_seca","distToCoastKm":22.3,"scores":{"esclatasang":0,"fredolic":0,"blava":0,"peus-de-rata":0,"orella-de-llebre":0,"cama-sec":31,"girgola":0},"bestSpecies":"cama-sec","bestScore":31}},{"type":"Feature","geometry":{"type":"Polygon","coordinates":[[[3.00473,39.57934],[3.04473,39.57934],[3.04473,39.60934],[3.00473,39.60934],[3.00473,39.57934]]]},"properties":{"id":"c144","elevation":111,"region":"pla","forestType":"agricola_seca","distToCoastKm":22.2,"scores":{"esclatasang":0,"fredolic":0,"blava":0,"peus-de-rata":0,"orella-de-llebre":0,"cama-sec":31,"girgola":0},"bestSpecies":"cama-sec","bestScore":31}},{"type":"Feature","geometry":{"type":"Polygon","coordinates":[[[3.04473,39.57934],[3.08473,39.57934],[3.08473,39.60934],[3.04473,39.60934],[3.04473,39.57934]]]},"properties":{"id":"c145","elevation":140,"region":"pla","forestType":"agricola_seca","distToCoastKm":20.4,"scores":{"esclatasang":0,"fredolic":0,"blava":0,"peus-de-rata":0,"orella-de-llebre":0,"cama-sec":31,"girgola":0},"bestSpecies":"cama-sec","bestScore":31}},{"type":"Feature","geometry":{"type":"Polygon","coordinates":[[[3.08473,39.57934],[3.12473,39.57934],[3.12473,39.60934],[3.08473,39.60934],[3.08473,39.57934]]]},"properties":{"id":"c146","elevation":112,"region":"pla","forestType":"agricola_seca","distToCoastKm":18.8,"scores":{"esclatasang":0,"fredolic":0,"blava":0,"peus-de-rata":0,"orella-de-llebre":0,"cama-sec":32,"girgola":0},"bestSpecies":"cama-sec","bestScore":32}},{"type":"Feature","geometry":{"type":"Polygon","coordinates":[[[3.12473,39.57934],[3.16473,39.57934],[3.16473,39.60934],[3.12473,39.60934],[3.12473,39.57934]]]},"properties":{"id":"c147","elevation":50,"region":"pla","forestType":"agricola_seca","distToCoastKm":16.6,"scores":{"esclatasang":0,"fredolic":0,"blava":0,"peus-de-rata":0,"orella-de-llebre":0,"cama-sec":32,"girgola":0},"bestSpecies":"cama-sec","bestScore":32}},{"type":"Feature","geometry":{"type":"Polygon","coordinates":[[[3.16473,39.57934],[3.20473,39.57934],[3.20473,39.60934],[3.16473,39.60934],[3.16473,39.57934]]]},"properties":{"id":"c148","elevation":66,"region":"llevant_nord","forestType":"pinar_muntanya_calcari","distToCoastKm":13.8,"scores":{"esclatasang":13,"fredolic":15,"blava":0,"peus-de-rata":12,"orella-de-llebre":10,"cama-sec":0,"girgola":0},"bestSpecies":"fredolic","bestScore":15}},{"type":"Feature","geometry":{"type":"Polygon","coordinates":[[[3.20473,39.57934],[3.24473,39.57934],[3.24473,39.60934],[3.20473,39.60934],[3.20473,39.57934]]]},"properties":{"id":"c149","elevation":184,"region":"llevant_nord","forestType":"pinar_muntanya_calcari","distToCoastKm":11,"scores":{"esclatasang":13,"fredolic":16,"blava":0,"peus-de-rata":12,"orella-de-llebre":11,"cama-sec":0,"girgola":0},"bestSpecies":"fredolic","bestScore":16}},{"type":"Feature","geometry":{"type":"Polygon","coordinates":[[[3.28473,39.57934],[3.32473,39.57934],[3.32473,39.60934],[3.28473,39.60934],[3.28473,39.57934]]]},"properties":{"id":"c151","elevation":74,"region":"llevant_nord","forestType":"pinar_muntanya_calcari","distToCoastKm":6.4,"scores":{"esclatasang":13,"fredolic":16,"blava":0,"peus-de-rata":12,"orella-de-llebre":11,"cama-sec":0,"girgola":0},"bestSpecies":"fredolic","bestScore":16}},{"type":"Feature","geometry":{"type":"Polygon","coordinates":[[[3.32473,39.57934],[3.36473,39.57934],[3.36473,39.60934],[3.32473,39.60934],[3.32473,39.57934]]]},"properties":{"id":"c152","elevation":50,"region":"llevant_nord","forestType":"pinar_muntanya_calcari","distToCoastKm":3.4,"scores":{"esclatasang":14,"fredolic":16,"blava":0,"peus-de-rata":13,"orella-de-llebre":12,"cama-sec":0,"girgola":0},"bestSpecies":"fredolic","bestScore":16}},{"type":"Feature","geometry":{"type":"Polygon","coordinates":[[[3.3647299999999998,39.57934],[3.40473,39.57934],[3.40473,39.60934],[3.3647299999999998,39.60934],[3.3647299999999998,39.57934]]]},"properties":{"id":"c153","elevation":2,"region":"llevant_nord","forestType":"pinar_muntanya_calcari","distToCoastKm":0,"scores":{"esclatasang":14,"fredolic":16,"blava":0,"peus-de-rata":13,"orella-de-llebre":12,"cama-sec":0,"girgola":0},"bestSpecies":"fredolic","bestScore":16}},{"type":"Feature","geometry":{"type":"Polygon","coordinates":[[[2.40473,39.609339999999996],[2.44473,39.609339999999996],[2.44473,39.63934],[2.40473,39.63934],[2.40473,39.609339999999996]]]},"properties":{"id":"c154","elevation":194,"region":"tramuntana","forestType":"pinar_muntanya_calcari","distToCoastKm":0.7,"scores":{"esclatasang":21,"fredolic":26,"blava":0,"peus-de-rata":20,"orella-de-llebre":19,"cama-sec":0,"girgola":0},"bestSpecies":"fredolic","bestScore":26}},{"type":"Feature","geometry":{"type":"Polygon","coordinates":[[[2.44473,39.609339999999996],[2.48473,39.609339999999996],[2.48473,39.63934],[2.44473,39.63934],[2.44473,39.609339999999996]]]},"properties":{"id":"c155","elevation":274,"region":"tramuntana","forestType":"pinar_muntanya_calcari","distToCoastKm":3,"scores":{"esclatasang":21,"fredolic":26,"blava":0,"peus-de-rata":20,"orella-de-llebre":19,"cama-sec":0,"girgola":0},"bestSpecies":"fredolic","bestScore":26}},{"type":"Feature","geometry":{"type":"Polygon","coordinates":[[[2.48473,39.609339999999996],[2.52473,39.609339999999996],[2.52473,39.63934],[2.48473,39.63934],[2.48473,39.609339999999996]]]},"properties":{"id":"c156","elevation":467,"region":"tramuntana","forestType":"pinar_muntanya_calcari","distToCoastKm":4.7,"scores":{"esclatasang":18,"fredolic":21,"blava":0,"peus-de-rata":17,"orella-de-llebre":16,"cama-sec":0,"girgola":0},"bestSpecies":"fredolic","bestScore":21}},{"type":"Feature","geometry":{"type":"Polygon","coordinates":[[[2.52473,39.609339999999996],[2.56473,39.609339999999996],[2.56473,39.63934],[2.52473,39.63934],[2.52473,39.609339999999996]]]},"properties":{"id":"c157","elevation":215,"region":"tramuntana","forestType":"pinar_muntanya_calcari","distToCoastKm":7.1,"scores":{"esclatasang":15,"fredolic":18,"blava":0,"peus-de-rata":14,"orella-de-llebre":14,"cama-sec":0,"girgola":0},"bestSpecies":"fredolic","bestScore":18}},{"type":"Feature","geometry":{"type":"Polygon","coordinates":[[[2.56473,39.609339999999996],[2.60473,39.609339999999996],[2.60473,39.63934],[2.56473,39.63934],[2.56473,39.609339999999996]]]},"properties":{"id":"c158","elevation":262,"region":"tramuntana","forestType":"pinar_muntanya_calcari","distToCoastKm":7.4,"scores":{"esclatasang":13,"fredolic":18,"blava":0,"peus-de-rata":12,"orella-de-llebre":11,"cama-sec":0,"girgola":0},"bestSpecies":"fredolic","bestScore":18}},{"type":"Feature","geometry":{"type":"Polygon","coordinates":[[[2.60473,39.609339999999996],[2.64473,39.609339999999996],[2.64473,39.63934],[2.60473,39.63934],[2.60473,39.609339999999996]]]},"properties":{"id":"c159","elevation":123,"region":"tramuntana","forestType":"alzinar_baix","distToCoastKm":6.3,"scores":{"esclatasang":0,"fredolic":0,"blava":0,"peus-de-rata":11,"orella-de-llebre":10,"cama-sec":0,"girgola":0},"bestSpecies":"peus-de-rata","bestScore":11}},{"type":"Feature","geometry":{"type":"Polygon","coordinates":[[[2.64473,39.609339999999996],[2.68473,39.609339999999996],[2.68473,39.63934],[2.64473,39.63934],[2.64473,39.609339999999996]]]},"properties":{"id":"c160","elevation":63,"region":"tramuntana","forestType":"alzinar_baix","distToCoastKm":6.5,"scores":{"esclatasang":0,"fredolic":0,"blava":0,"peus-de-rata":9,"orella-de-llebre":8,"cama-sec":0,"girgola":0},"bestSpecies":"peus-de-rata","bestScore":9}},{"type":"Feature","geometry":{"type":"Polygon","coordinates":[[[2.68473,39.609339999999996],[2.72473,39.609339999999996],[2.72473,39.63934],[2.68473,39.63934],[2.68473,39.609339999999996]]]},"properties":{"id":"c161","elevation":64,"region":"tramuntana","forestType":"alzinar_baix","distToCoastKm":7.5,"scores":{"esclatasang":0,"fredolic":0,"blava":0,"peus-de-rata":11,"orella-de-llebre":10,"cama-sec":0,"girgola":0},"bestSpecies":"peus-de-rata","bestScore":11}},{"type":"Feature","geometry":{"type":"Polygon","coordinates":[[[2.72473,39.609339999999996],[2.76473,39.609339999999996],[2.76473,39.63934],[2.72473,39.63934],[2.72473,39.609339999999996]]]},"properties":{"id":"c162","elevation":100,"region":"tramuntana","forestType":"alzinar_baix","distToCoastKm":9.3,"scores":{"esclatasang":0,"fredolic":0,"blava":0,"peus-de-rata":10,"orella-de-llebre":9,"cama-sec":0,"girgola":0},"bestSpecies":"peus-de-rata","bestScore":10}},{"type":"Feature","geometry":{"type":"Polygon","coordinates":[[[2.76473,39.609339999999996],[2.80473,39.609339999999996],[2.80473,39.63934],[2.76473,39.63934],[2.76473,39.609339999999996]]]},"properties":{"id":"c163","elevation":132,"region":"tramuntana","forestType":"alzinar_baix","distToCoastKm":11.4,"scores":{"esclatasang":0,"fredolic":0,"blava":0,"peus-de-rata":11,"orella-de-llebre":10,"cama-sec":0,"girgola":0},"bestSpecies":"peus-de-rata","bestScore":11}},{"type":"Feature","geometry":{"type":"Polygon","coordinates":[[[2.80473,39.609339999999996],[2.84473,39.609339999999996],[2.84473,39.63934],[2.80473,39.63934],[2.80473,39.609339999999996]]]},"properties":{"id":"c164","elevation":169,"region":"tramuntana","forestType":"pinar_muntanya_calcari","distToCoastKm":13.4,"scores":{"esclatasang":12,"fredolic":13,"blava":0,"peus-de-rata":11,"orella-de-llebre":11,"cama-sec":0,"girgola":0},"bestSpecies":"fredolic","bestScore":13}},{"type":"Feature","geometry":{"type":"Polygon","coordinates":[[[2.84473,39.609339999999996],[2.8847300000000002,39.609339999999996],[2.8847300000000002,39.63934],[2.84473,39.63934],[2.84473,39.609339999999996]]]},"properties":{"id":"c165","elevation":118,"region":"tramuntana","forestType":"alzinar_baix","distToCoastKm":15.7,"scores":{"esclatasang":0,"fredolic":0,"blava":0,"peus-de-rata":12,"orella-de-llebre":12,"cama-sec":0,"girgola":0},"bestSpecies":"peus-de-rata","bestScore":12}},{"type":"Feature","geometry":{"type":"Polygon","coordinates":[[[2.88473,39.609339999999996],[2.92473,39.609339999999996],[2.92473,39.63934],[2.88473,39.63934],[2.88473,39.609339999999996]]]},"properties":{"id":"c166","elevation":122,"region":"tramuntana","forestType":"alzinar_baix","distToCoastKm":18.3,"scores":{"esclatasang":0,"fredolic":0,"blava":0,"peus-de-rata":12,"orella-de-llebre":12,"cama-sec":0,"girgola":0},"bestSpecies":"peus-de-rata","bestScore":12}},{"type":"Feature","geometry":{"type":"Polygon","coordinates":[[[2.92473,39.609339999999996],[2.96473,39.609339999999996],[2.96473,39.63934],[2.92473,39.63934],[2.92473,39.609339999999996]]]},"properties":{"id":"c167","elevation":132,"region":"tramuntana","forestType":"alzinar_baix","distToCoastKm":21,"scores":{"esclatasang":0,"fredolic":0,"blava":0,"peus-de-rata":12,"orella-de-llebre":10,"cama-sec":0,"girgola":0},"bestSpecies":"peus-de-rata","bestScore":12}},{"type":"Feature","geometry":{"type":"Polygon","coordinates":[[[2.96473,39.609339999999996],[3.00473,39.609339999999996],[3.00473,39.63934],[2.96473,39.63934],[2.96473,39.609339999999996]]]},"properties":{"id":"c168","elevation":169,"region":"pla","forestType":"agricola_seca","distToCoastKm":21.5,"scores":{"esclatasang":0,"fredolic":0,"blava":0,"peus-de-rata":0,"orella-de-llebre":0,"cama-sec":31,"girgola":0},"bestSpecies":"cama-sec","bestScore":31}},{"type":"Feature","geometry":{"type":"Polygon","coordinates":[[[3.00473,39.609339999999996],[3.04473,39.609339999999996],[3.04473,39.63934],[3.00473,39.63934],[3.00473,39.609339999999996]]]},"properties":{"id":"c169","elevation":94,"region":"pla","forestType":"agricola_seca","distToCoastKm":19.4,"scores":{"esclatasang":0,"fredolic":0,"blava":0,"peus-de-rata":0,"orella-de-llebre":0,"cama-sec":31,"girgola":0},"bestSpecies":"cama-sec","bestScore":31}},{"type":"Feature","geometry":{"type":"Polygon","coordinates":[[[3.04473,39.609339999999996],[3.08473,39.609339999999996],[3.08473,39.63934],[3.04473,39.63934],[3.04473,39.609339999999996]]]},"properties":{"id":"c170","elevation":153,"region":"pla","forestType":"agricola_seca","distToCoastKm":17.5,"scores":{"esclatasang":0,"fredolic":0,"blava":0,"peus-de-rata":0,"orella-de-llebre":0,"cama-sec":31,"girgola":0},"bestSpecies":"cama-sec","bestScore":31}},{"type":"Feature","geometry":{"type":"Polygon","coordinates":[[[3.08473,39.609339999999996],[3.12473,39.609339999999996],[3.12473,39.63934],[3.08473,39.63934],[3.08473,39.609339999999996]]]},"properties":{"id":"c171","elevation":90,"region":"pla","forestType":"agricola_seca","distToCoastKm":15.9,"scores":{"esclatasang":0,"fredolic":0,"blava":0,"peus-de-rata":0,"orella-de-llebre":0,"cama-sec":32,"girgola":0},"bestSpecies":"cama-sec","bestScore":32}},{"type":"Feature","geometry":{"type":"Polygon","coordinates":[[[3.12473,39.609339999999996],[3.16473,39.609339999999996],[3.16473,39.63934],[3.12473,39.63934],[3.12473,39.609339999999996]]]},"properties":{"id":"c172","elevation":158,"region":"pla","forestType":"agricola_seca","distToCoastKm":14.2,"scores":{"esclatasang":0,"fredolic":0,"blava":0,"peus-de-rata":0,"orella-de-llebre":0,"cama-sec":32,"girgola":0},"bestSpecies":"cama-sec","bestScore":32}},{"type":"Feature","geometry":{"type":"Polygon","coordinates":[[[3.16473,39.609339999999996],[3.20473,39.609339999999996],[3.20473,39.63934],[3.16473,39.63934],[3.16473,39.609339999999996]]]},"properties":{"id":"c173","elevation":152,"region":"llevant_nord","forestType":"pinar_muntanya_calcari","distToCoastKm":12.8,"scores":{"esclatasang":13,"fredolic":15,"blava":0,"peus-de-rata":12,"orella-de-llebre":10,"cama-sec":0,"girgola":0},"bestSpecies":"fredolic","bestScore":15}},{"type":"Feature","geometry":{"type":"Polygon","coordinates":[[[3.20473,39.609339999999996],[3.24473,39.609339999999996],[3.24473,39.63934],[3.20473,39.63934],[3.20473,39.609339999999996]]]},"properties":{"id":"c174","elevation":172,"region":"llevant_nord","forestType":"pinar_muntanya_calcari","distToCoastKm":11.9,"scores":{"esclatasang":13,"fredolic":16,"blava":0,"peus-de-rata":12,"orella-de-llebre":11,"cama-sec":0,"girgola":0},"bestSpecies":"fredolic","bestScore":16}},{"type":"Feature","geometry":{"type":"Polygon","coordinates":[[[3.24473,39.609339999999996],[3.28473,39.609339999999996],[3.28473,39.63934],[3.24473,39.63934],[3.24473,39.609339999999996]]]},"properties":{"id":"c175","elevation":138,"region":"llevant_nord","forestType":"pinar_muntanya_calcari","distToCoastKm":10.7,"scores":{"esclatasang":13,"fredolic":16,"blava":0,"peus-de-rata":12,"orella-de-llebre":11,"cama-sec":0,"girgola":0},"bestSpecies":"fredolic","bestScore":16}},{"type":"Feature","geometry":{"type":"Polygon","coordinates":[[[3.28473,39.609339999999996],[3.32473,39.609339999999996],[3.32473,39.63934],[3.28473,39.63934],[3.28473,39.609339999999996]]]},"properties":{"id":"c176","elevation":104,"region":"llevant_nord","forestType":"pinar_muntanya_calcari","distToCoastKm":7.4,"scores":{"esclatasang":13,"fredolic":16,"blava":0,"peus-de-rata":12,"orella-de-llebre":11,"cama-sec":0,"girgola":0},"bestSpecies":"fredolic","bestScore":16}},{"type":"Feature","geometry":{"type":"Polygon","coordinates":[[[3.32473,39.609339999999996],[3.36473,39.609339999999996],[3.36473,39.63934],[3.32473,39.63934],[3.32473,39.609339999999996]]]},"properties":{"id":"c177","elevation":107,"region":"llevant_nord","forestType":"pinar_muntanya_calcari","distToCoastKm":4.1,"scores":{"esclatasang":14,"fredolic":16,"blava":0,"peus-de-rata":13,"orella-de-llebre":12,"cama-sec":0,"girgola":0},"bestSpecies":"fredolic","bestScore":16}},{"type":"Feature","geometry":{"type":"Polygon","coordinates":[[[3.3647299999999998,39.609339999999996],[3.40473,39.609339999999996],[3.40473,39.63934],[3.3647299999999998,39.63934],[3.3647299999999998,39.609339999999996]]]},"properties":{"id":"c178","elevation":12,"region":"llevant_nord","forestType":"pinar_muntanya_calcari","distToCoastKm":0.8,"scores":{"esclatasang":14,"fredolic":16,"blava":0,"peus-de-rata":13,"orella-de-llebre":12,"cama-sec":0,"girgola":0},"bestSpecies":"fredolic","bestScore":16}},{"type":"Feature","geometry":{"type":"Polygon","coordinates":[[[2.44473,39.63934],[2.48473,39.63934],[2.48473,39.66934],[2.44473,39.66934],[2.44473,39.63934]]]},"properties":{"id":"c179","elevation":0,"region":"tramuntana","forestType":"pinar_costaner","distToCoastKm":0,"scores":{"esclatasang":13,"fredolic":18,"blava":0,"peus-de-rata":0,"orella-de-llebre":0,"cama-sec":0,"girgola":0},"bestSpecies":"fredolic","bestScore":18}},{"type":"Feature","geometry":{"type":"Polygon","coordinates":[[[2.48473,39.63934],[2.52473,39.63934],[2.52473,39.66934],[2.48473,39.66934],[2.48473,39.63934]]]},"properties":{"id":"c180","elevation":735,"region":"tramuntana","forestType":"alzinar_muntanya","distToCoastKm":2.4,"scores":{"esclatasang":0,"fredolic":0,"blava":0,"peus-de-rata":11,"orella-de-llebre":8,"cama-sec":0,"girgola":0},"bestSpecies":"peus-de-rata","bestScore":11}},{"type":"Feature","geometry":{"type":"Polygon","coordinates":[[[2.52473,39.63934],[2.56473,39.63934],[2.56473,39.66934],[2.52473,39.66934],[2.52473,39.63934]]]},"properties":{"id":"c181","elevation":506,"region":"tramuntana","forestType":"alzinar_muntanya","distToCoastKm":4.7,"scores":{"esclatasang":0,"fredolic":0,"blava":0,"peus-de-rata":6,"orella-de-llebre":6,"cama-sec":0,"girgola":0},"bestSpecies":"peus-de-rata","bestScore":6}},{"type":"Feature","geometry":{"type":"Polygon","coordinates":[[[2.56473,39.63934],[2.60473,39.63934],[2.60473,39.66934],[2.56473,39.66934],[2.56473,39.63934]]]},"properties":{"id":"c182","elevation":241,"region":"tramuntana","forestType":"pinar_muntanya_calcari","distToCoastKm":5.7,"scores":{"esclatasang":15,"fredolic":18,"blava":0,"peus-de-rata":14,"orella-de-llebre":14,"cama-sec":0,"girgola":0},"bestSpecies":"fredolic","bestScore":18}},{"type":"Feature","geometry":{"type":"Polygon","coordinates":[[[2.64473,39.63934],[2.68473,39.63934],[2.68473,39.66934],[2.64473,39.66934],[2.64473,39.63934]]]},"properties":{"id":"c184","elevation":94,"region":"tramuntana","forestType":"alzinar_baix","distToCoastKm":9.6,"scores":{"esclatasang":0,"fredolic":0,"blava":0,"peus-de-rata":9,"orella-de-llebre":8,"cama-sec":0,"girgola":0},"bestSpecies":"peus-de-rata","bestScore":9}},{"type":"Feature","geometry":{"type":"Polygon","coordinates":[[[2.68473,39.63934],[2.72473,39.63934],[2.72473,39.66934],[2.68473,39.66934],[2.68473,39.63934]]]},"properties":{"id":"c185","elevation":109,"region":"tramuntana","forestType":"alzinar_baix","distToCoastKm":10.6,"scores":{"esclatasang":0,"fredolic":0,"blava":0,"peus-de-rata":11,"orella-de-llebre":10,"cama-sec":0,"girgola":0},"bestSpecies":"peus-de-rata","bestScore":11}},{"type":"Feature","geometry":{"type":"Polygon","coordinates":[[[2.72473,39.63934],[2.76473,39.63934],[2.76473,39.66934],[2.72473,39.66934],[2.72473,39.63934]]]},"properties":{"id":"c186","elevation":125,"region":"tramuntana","forestType":"alzinar_baix","distToCoastKm":12.1,"scores":{"esclatasang":0,"fredolic":0,"blava":0,"peus-de-rata":10,"orella-de-llebre":9,"cama-sec":0,"girgola":0},"bestSpecies":"peus-de-rata","bestScore":10}},{"type":"Feature","geometry":{"type":"Polygon","coordinates":[[[2.76473,39.63934],[2.80473,39.63934],[2.80473,39.66934],[2.76473,39.66934],[2.76473,39.63934]]]},"properties":{"id":"c187","elevation":131,"region":"tramuntana","forestType":"alzinar_baix","distToCoastKm":14,"scores":{"esclatasang":0,"fredolic":0,"blava":0,"peus-de-rata":11,"orella-de-llebre":10,"cama-sec":0,"girgola":0},"bestSpecies":"peus-de-rata","bestScore":11}},{"type":"Feature","geometry":{"type":"Polygon","coordinates":[[[2.80473,39.63934],[2.84473,39.63934],[2.84473,39.66934],[2.80473,39.66934],[2.80473,39.63934]]]},"properties":{"id":"c188","elevation":125,"region":"tramuntana","forestType":"alzinar_baix","distToCoastKm":16.1,"scores":{"esclatasang":0,"fredolic":0,"blava":0,"peus-de-rata":11,"orella-de-llebre":11,"cama-sec":0,"girgola":0},"bestSpecies":"peus-de-rata","bestScore":11}},{"type":"Feature","geometry":{"type":"Polygon","coordinates":[[[2.84473,39.63934],[2.8847300000000002,39.63934],[2.8847300000000002,39.66934],[2.84473,39.66934],[2.84473,39.63934]]]},"properties":{"id":"c189","elevation":106,"region":"tramuntana","forestType":"alzinar_baix","distToCoastKm":18.1,"scores":{"esclatasang":0,"fredolic":0,"blava":0,"peus-de-rata":12,"orella-de-llebre":12,"cama-sec":0,"girgola":0},"bestSpecies":"peus-de-rata","bestScore":12}},{"type":"Feature","geometry":{"type":"Polygon","coordinates":[[[2.88473,39.63934],[2.92473,39.63934],[2.92473,39.66934],[2.88473,39.66934],[2.88473,39.63934]]]},"properties":{"id":"c190","elevation":89,"region":"tramuntana","forestType":"alzinar_baix","distToCoastKm":20.5,"scores":{"esclatasang":0,"fredolic":0,"blava":0,"peus-de-rata":12,"orella-de-llebre":12,"cama-sec":0,"girgola":0},"bestSpecies":"peus-de-rata","bestScore":12}},{"type":"Feature","geometry":{"type":"Polygon","coordinates":[[[2.92473,39.63934],[2.96473,39.63934],[2.96473,39.66934],[2.92473,39.66934],[2.92473,39.63934]]]},"properties":{"id":"c191","elevation":119,"region":"tramuntana","forestType":"alzinar_baix","distToCoastKm":21.7,"scores":{"esclatasang":0,"fredolic":0,"blava":0,"peus-de-rata":12,"orella-de-llebre":12,"cama-sec":0,"girgola":0},"bestSpecies":"peus-de-rata","bestScore":12}},{"type":"Feature","geometry":{"type":"Polygon","coordinates":[[[2.96473,39.63934],[3.00473,39.63934],[3.00473,39.66934],[2.96473,39.66934],[2.96473,39.63934]]]},"properties":{"id":"c192","elevation":135,"region":"pla","forestType":"agricola_seca","distToCoastKm":19.1,"scores":{"esclatasang":0,"fredolic":0,"blava":0,"peus-de-rata":0,"orella-de-llebre":0,"cama-sec":31,"girgola":0},"bestSpecies":"cama-sec","bestScore":31}},{"type":"Feature","geometry":{"type":"Polygon","coordinates":[[[3.00473,39.63934],[3.04473,39.63934],[3.04473,39.66934],[3.00473,39.66934],[3.00473,39.63934]]]},"properties":{"id":"c193","elevation":150,"region":"pla","forestType":"agricola_seca","distToCoastKm":16.7,"scores":{"esclatasang":0,"fredolic":0,"blava":0,"peus-de-rata":0,"orella-de-llebre":0,"cama-sec":31,"girgola":0},"bestSpecies":"cama-sec","bestScore":31}},{"type":"Feature","geometry":{"type":"Polygon","coordinates":[[[3.04473,39.63934],[3.08473,39.63934],[3.08473,39.66934],[3.04473,39.66934],[3.04473,39.63934]]]},"properties":{"id":"c194","elevation":105,"region":"pla","forestType":"agricola_seca","distToCoastKm":14.7,"scores":{"esclatasang":0,"fredolic":0,"blava":0,"peus-de-rata":0,"orella-de-llebre":0,"cama-sec":31,"girgola":0},"bestSpecies":"cama-sec","bestScore":31}},{"type":"Feature","geometry":{"type":"Polygon","coordinates":[[[3.08473,39.63934],[3.12473,39.63934],[3.12473,39.66934],[3.08473,39.66934],[3.08473,39.63934]]]},"properties":{"id":"c195","elevation":89,"region":"pla","forestType":"agricola_seca","distToCoastKm":12.9,"scores":{"esclatasang":0,"fredolic":0,"blava":0,"peus-de-rata":0,"orella-de-llebre":0,"cama-sec":32,"girgola":0},"bestSpecies":"cama-sec","bestScore":32}},{"type":"Feature","geometry":{"type":"Polygon","coordinates":[[[3.12473,39.63934],[3.16473,39.63934],[3.16473,39.66934],[3.12473,39.66934],[3.12473,39.63934]]]},"properties":{"id":"c196","elevation":104,"region":"pla","forestType":"agricola_seca","distToCoastKm":11.3,"scores":{"esclatasang":0,"fredolic":0,"blava":0,"peus-de-rata":0,"orella-de-llebre":0,"cama-sec":32,"girgola":0},"bestSpecies":"cama-sec","bestScore":32}},{"type":"Feature","geometry":{"type":"Polygon","coordinates":[[[3.16473,39.63934],[3.20473,39.63934],[3.20473,39.66934],[3.16473,39.66934],[3.16473,39.63934]]]},"properties":{"id":"c197","elevation":139,"region":"llevant_nord","forestType":"pinar_muntanya_calcari","distToCoastKm":9.7,"scores":{"esclatasang":13,"fredolic":15,"blava":0,"peus-de-rata":12,"orella-de-llebre":10,"cama-sec":0,"girgola":0},"bestSpecies":"fredolic","bestScore":15}},{"type":"Feature","geometry":{"type":"Polygon","coordinates":[[[3.20473,39.63934],[3.24473,39.63934],[3.24473,39.66934],[3.20473,39.66934],[3.20473,39.63934]]]},"properties":{"id":"c198","elevation":130,"region":"llevant_nord","forestType":"pinar_muntanya_calcari","distToCoastKm":8.6,"scores":{"esclatasang":13,"fredolic":16,"blava":0,"peus-de-rata":13,"orella-de-llebre":13,"cama-sec":0,"girgola":0},"bestSpecies":"fredolic","bestScore":16}},{"type":"Feature","geometry":{"type":"Polygon","coordinates":[[[3.24473,39.63934],[3.28473,39.63934],[3.28473,39.66934],[3.24473,39.66934],[3.24473,39.63934]]]},"properties":{"id":"c199","elevation":261,"region":"llevant_nord","forestType":"pinar_muntanya_calcari","distToCoastKm":8.4,"scores":{"esclatasang":14,"fredolic":16,"blava":0,"peus-de-rata":13,"orella-de-llebre":13,"cama-sec":0,"girgola":0},"bestSpecies":"fredolic","bestScore":16}},{"type":"Feature","geometry":{"type":"Polygon","coordinates":[[[3.28473,39.63934],[3.32473,39.63934],[3.32473,39.66934],[3.28473,39.66934],[3.28473,39.63934]]]},"properties":{"id":"c200","elevation":165,"region":"llevant_nord","forestType":"pinar_muntanya_calcari","distToCoastKm":8.4,"scores":{"esclatasang":14,"fredolic":16,"blava":0,"peus-de-rata":13,"orella-de-llebre":13,"cama-sec":0,"girgola":0},"bestSpecies":"fredolic","bestScore":16}},{"type":"Feature","geometry":{"type":"Polygon","coordinates":[[[3.32473,39.63934],[3.36473,39.63934],[3.36473,39.66934],[3.32473,39.66934],[3.32473,39.63934]]]},"properties":{"id":"c201","elevation":111,"region":"llevant_nord","forestType":"pinar_muntanya_calcari","distToCoastKm":5.3,"scores":{"esclatasang":14,"fredolic":16,"blava":0,"peus-de-rata":13,"orella-de-llebre":13,"cama-sec":0,"girgola":0},"bestSpecies":"fredolic","bestScore":16}},{"type":"Feature","geometry":{"type":"Polygon","coordinates":[[[3.40473,39.63934],[3.44473,39.63934],[3.44473,39.66934],[3.40473,39.66934],[3.40473,39.63934]]]},"properties":{"id":"c203","elevation":58,"region":"llevant_nord","forestType":"pinar_muntanya_calcari","distToCoastKm":1.2,"scores":{"esclatasang":16,"fredolic":19,"blava":0,"peus-de-rata":15,"orella-de-llebre":14,"cama-sec":0,"girgola":0},"bestSpecies":"fredolic","bestScore":19}},{"type":"Feature","geometry":{"type":"Polygon","coordinates":[[[2.48473,39.66934],[2.52473,39.66934],[2.52473,39.69934],[2.48473,39.69934],[2.48473,39.66934]]]},"properties":{"id":"c204","elevation":150,"region":"tramuntana","forestType":"pinar_costaner","distToCoastKm":0.2,"scores":{"esclatasang":10,"fredolic":14,"blava":0,"peus-de-rata":0,"orella-de-llebre":0,"cama-sec":0,"girgola":0},"bestSpecies":"fredolic","bestScore":14}},{"type":"Feature","geometry":{"type":"Polygon","coordinates":[[[2.52473,39.66934],[2.56473,39.66934],[2.56473,39.69934],[2.52473,39.69934],[2.52473,39.66934]]]},"properties":{"id":"c205","elevation":294,"region":"tramuntana","forestType":"pinar_muntanya_calcari","distToCoastKm":1.6,"scores":{"esclatasang":10,"fredolic":14,"blava":0,"peus-de-rata":9,"orella-de-llebre":9,"cama-sec":0,"girgola":0},"bestSpecies":"fredolic","bestScore":14}},{"type":"Feature","geometry":{"type":"Polygon","coordinates":[[[2.56473,39.66934],[2.60473,39.66934],[2.60473,39.69934],[2.56473,39.69934],[2.56473,39.66934]]]},"properties":{"id":"c206","elevation":376,"region":"tramuntana","forestType":"pinar_muntanya_calcari","distToCoastKm":2.9,"scores":{"esclatasang":18,"fredolic":22,"blava":0,"peus-de-rata":17,"orella-de-llebre":17,"cama-sec":0,"girgola":0},"bestSpecies":"fredolic","bestScore":22}},{"type":"Feature","geometry":{"type":"Polygon","coordinates":[[[2.60473,39.66934],[2.64473,39.66934],[2.64473,39.69934],[2.60473,39.69934],[2.60473,39.66934]]]},"properties":{"id":"c207","elevation":561,"region":"tramuntana","forestType":"alzinar_muntanya","distToCoastKm":4.9,"scores":{"esclatasang":0,"fredolic":0,"blava":0,"peus-de-rata":14,"orella-de-llebre":13,"cama-sec":0,"girgola":0},"bestSpecies":"peus-de-rata","bestScore":14}},{"type":"Feature","geometry":{"type":"Polygon","coordinates":[[[2.64473,39.66934],[2.68473,39.66934],[2.68473,39.69934],[2.64473,39.69934],[2.64473,39.66934]]]},"properties":{"id":"c208","elevation":258,"region":"tramuntana","forestType":"pinar_muntanya_calcari","distToCoastKm":7.5,"scores":{"esclatasang":12,"fredolic":14,"blava":0,"peus-de-rata":12,"orella-de-llebre":11,"cama-sec":0,"girgola":0},"bestSpecies":"fredolic","bestScore":14}},{"type":"Feature","geometry":{"type":"Polygon","coordinates":[[[2.68473,39.66934],[2.72473,39.66934],[2.72473,39.69934],[2.68473,39.69934],[2.68473,39.66934]]]},"properties":{"id":"c209","elevation":183,"region":"tramuntana","forestType":"pinar_muntanya_calcari","distToCoastKm":10,"scores":{"esclatasang":12,"fredolic":14,"blava":0,"peus-de-rata":12,"orella-de-llebre":11,"cama-sec":0,"girgola":0},"bestSpecies":"fredolic","bestScore":14}},{"type":"Feature","geometry":{"type":"Polygon","coordinates":[[[2.72473,39.66934],[2.76473,39.66934],[2.76473,39.69934],[2.72473,39.69934],[2.72473,39.66934]]]},"properties":{"id":"c210","elevation":254,"region":"tramuntana","forestType":"pinar_muntanya_calcari","distToCoastKm":12,"scores":{"esclatasang":12,"fredolic":14,"blava":0,"peus-de-rata":12,"orella-de-llebre":12,"cama-sec":0,"girgola":0},"bestSpecies":"fredolic","bestScore":14}},{"type":"Feature","geometry":{"type":"Polygon","coordinates":[[[2.76473,39.66934],[2.80473,39.66934],[2.80473,39.69934],[2.76473,39.69934],[2.76473,39.66934]]]},"properties":{"id":"c211","elevation":203,"region":"tramuntana","forestType":"pinar_muntanya_calcari","distToCoastKm":14.2,"scores":{"esclatasang":11,"fredolic":13,"blava":0,"peus-de-rata":11,"orella-de-llebre":11,"cama-sec":0,"girgola":0},"bestSpecies":"fredolic","bestScore":13}},{"type":"Feature","geometry":{"type":"Polygon","coordinates":[[[2.80473,39.66934],[2.84473,39.66934],[2.84473,39.69934],[2.80473,39.69934],[2.80473,39.66934]]]},"properties":{"id":"c212","elevation":150,"region":"tramuntana","forestType":"alzinar_baix","distToCoastKm":16.3,"scores":{"esclatasang":0,"fredolic":0,"blava":0,"peus-de-rata":11,"orella-de-llebre":11,"cama-sec":0,"girgola":0},"bestSpecies":"peus-de-rata","bestScore":11}},{"type":"Feature","geometry":{"type":"Polygon","coordinates":[[[2.84473,39.66934],[2.8847300000000002,39.66934],[2.8847300000000002,39.69934],[2.84473,39.69934],[2.84473,39.66934]]]},"properties":{"id":"c213","elevation":114,"region":"tramuntana","forestType":"alzinar_baix","distToCoastKm":18.6,"scores":{"esclatasang":0,"fredolic":0,"blava":0,"peus-de-rata":11,"orella-de-llebre":11,"cama-sec":0,"girgola":0},"bestSpecies":"peus-de-rata","bestScore":11}},{"type":"Feature","geometry":{"type":"Polygon","coordinates":[[[2.88473,39.66934],[2.92473,39.66934],[2.92473,39.69934],[2.88473,39.69934],[2.88473,39.66934]]]},"properties":{"id":"c214","elevation":101,"region":"tramuntana","forestType":"alzinar_baix","distToCoastKm":20.3,"scores":{"esclatasang":0,"fredolic":0,"blava":0,"peus-de-rata":11,"orella-de-llebre":11,"cama-sec":0,"girgola":0},"bestSpecies":"peus-de-rata","bestScore":11}},{"type":"Feature","geometry":{"type":"Polygon","coordinates":[[[2.96473,39.66934],[3.00473,39.66934],[3.00473,39.69934],[2.96473,39.69934],[2.96473,39.66934]]]},"properties":{"id":"c216","elevation":61,"region":"pla","forestType":"agricola_seca","distToCoastKm":16.9,"scores":{"esclatasang":0,"fredolic":0,"blava":0,"peus-de-rata":0,"orella-de-llebre":0,"cama-sec":32,"girgola":0},"bestSpecies":"cama-sec","bestScore":32}},{"type":"Feature","geometry":{"type":"Polygon","coordinates":[[[3.00473,39.66934],[3.04473,39.66934],[3.04473,39.69934],[3.00473,39.69934],[3.00473,39.66934]]]},"properties":{"id":"c217","elevation":103,"region":"pla","forestType":"agricola_seca","distToCoastKm":14.3,"scores":{"esclatasang":0,"fredolic":0,"blava":0,"peus-de-rata":0,"orella-de-llebre":0,"cama-sec":32,"girgola":0},"bestSpecies":"cama-sec","bestScore":32}},{"type":"Feature","geometry":{"type":"Polygon","coordinates":[[[3.04473,39.66934],[3.08473,39.66934],[3.08473,39.69934],[3.04473,39.69934],[3.04473,39.66934]]]},"properties":{"id":"c218","elevation":67,"region":"pla","forestType":"agricola_seca","distToCoastKm":12,"scores":{"esclatasang":0,"fredolic":0,"blava":0,"peus-de-rata":0,"orella-de-llebre":0,"cama-sec":33,"girgola":0},"bestSpecies":"cama-sec","bestScore":33}},{"type":"Feature","geometry":{"type":"Polygon","coordinates":[[[3.08473,39.66934],[3.12473,39.66934],[3.12473,39.69934],[3.08473,39.69934],[3.08473,39.66934]]]},"properties":{"id":"c219","elevation":72,"region":"pla","forestType":"agricola_seca","distToCoastKm":10.1,"scores":{"esclatasang":0,"fredolic":0,"blava":0,"peus-de-rata":0,"orella-de-llebre":0,"cama-sec":31,"girgola":0},"bestSpecies":"cama-sec","bestScore":31}},{"type":"Feature","geometry":{"type":"Polygon","coordinates":[[[3.12473,39.66934],[3.16473,39.66934],[3.16473,39.69934],[3.12473,39.69934],[3.12473,39.66934]]]},"properties":{"id":"c220","elevation":55,"region":"pla","forestType":"agricola_seca","distToCoastKm":8.4,"scores":{"esclatasang":0,"fredolic":0,"blava":0,"peus-de-rata":0,"orella-de-llebre":0,"cama-sec":31,"girgola":0},"bestSpecies":"cama-sec","bestScore":31}},{"type":"Feature","geometry":{"type":"Polygon","coordinates":[[[3.16473,39.66934],[3.20473,39.66934],[3.20473,39.69934],[3.16473,39.69934],[3.16473,39.66934]]]},"properties":{"id":"c221","elevation":57,"region":"llevant_nord","forestType":"pinar_muntanya_calcari","distToCoastKm":6.8,"scores":{"esclatasang":12,"fredolic":15,"blava":0,"peus-de-rata":11,"orella-de-llebre":10,"cama-sec":0,"girgola":0},"bestSpecies":"fredolic","bestScore":15}},{"type":"Feature","geometry":{"type":"Polygon","coordinates":[[[3.20473,39.66934],[3.24473,39.66934],[3.24473,39.69934],[3.20473,39.69934],[3.20473,39.66934]]]},"properties":{"id":"c222","elevation":72,"region":"llevant_nord","forestType":"pinar_muntanya_calcari","distToCoastKm":5.4,"scores":{"esclatasang":12,"fredolic":13,"blava":0,"peus-de-rata":11,"orella-de-llebre":11,"cama-sec":0,"girgola":0},"bestSpecies":"fredolic","bestScore":13}},{"type":"Feature","geometry":{"type":"Polygon","coordinates":[[[3.24473,39.66934],[3.28473,39.66934],[3.28473,39.69934],[3.24473,39.69934],[3.24473,39.66934]]]},"properties":{"id":"c223","elevation":165,"region":"llevant_nord","forestType":"pinar_muntanya_calcari","distToCoastKm":5.1,"scores":{"esclatasang":12,"fredolic":13,"blava":0,"peus-de-rata":11,"orella-de-llebre":11,"cama-sec":0,"girgola":0},"bestSpecies":"fredolic","bestScore":13}},{"type":"Feature","geometry":{"type":"Polygon","coordinates":[[[3.28473,39.66934],[3.32473,39.66934],[3.32473,39.69934],[3.28473,39.69934],[3.28473,39.66934]]]},"properties":{"id":"c224","elevation":202,"region":"llevant_nord","forestType":"pinar_muntanya_calcari","distToCoastKm":6.3,"scores":{"esclatasang":13,"fredolic":15,"blava":0,"peus-de-rata":12,"orella-de-llebre":12,"cama-sec":0,"girgola":0},"bestSpecies":"fredolic","bestScore":15}},{"type":"Feature","geometry":{"type":"Polygon","coordinates":[[[3.3647299999999998,39.66934],[3.40473,39.66934],[3.40473,39.69934],[3.3647299999999998,39.69934],[3.3647299999999998,39.66934]]]},"properties":{"id":"c226","elevation":86,"region":"llevant_nord","forestType":"pinar_muntanya_calcari","distToCoastKm":5.6,"scores":{"esclatasang":14,"fredolic":16,"blava":0,"peus-de-rata":13,"orella-de-llebre":13,"cama-sec":0,"girgola":0},"bestSpecies":"fredolic","bestScore":16}},{"type":"Feature","geometry":{"type":"Polygon","coordinates":[[[3.40473,39.66934],[3.44473,39.66934],[3.44473,39.69934],[3.40473,39.69934],[3.40473,39.66934]]]},"properties":{"id":"c227","elevation":75,"region":"llevant_nord","forestType":"pinar_muntanya_calcari","distToCoastKm":2.4,"scores":{"esclatasang":16,"fredolic":19,"blava":0,"peus-de-rata":15,"orella-de-llebre":14,"cama-sec":0,"girgola":0},"bestSpecies":"fredolic","bestScore":19}},{"type":"Feature","geometry":{"type":"Polygon","coordinates":[[[2.56473,39.69934],[2.60473,39.69934],[2.60473,39.72934],[2.56473,39.72934],[2.56473,39.69934]]]},"properties":{"id":"c228","elevation":103,"region":"tramuntana","forestType":"pinar_costaner","distToCoastKm":0.2,"scores":{"esclatasang":18,"fredolic":22,"blava":0,"peus-de-rata":0,"orella-de-llebre":0,"cama-sec":0,"girgola":0},"bestSpecies":"fredolic","bestScore":22}},{"type":"Feature","geometry":{"type":"Polygon","coordinates":[[[2.60473,39.69934],[2.64473,39.69934],[2.64473,39.72934],[2.60473,39.72934],[2.60473,39.69934]]]},"properties":{"id":"c229","elevation":514,"region":"tramuntana","forestType":"alzinar_muntanya","distToCoastKm":2.7,"scores":{"esclatasang":0,"fredolic":0,"blava":0,"peus-de-rata":14,"orella-de-llebre":13,"cama-sec":0,"girgola":0},"bestSpecies":"peus-de-rata","bestScore":14}},{"type":"Feature","geometry":{"type":"Polygon","coordinates":[[[2.64473,39.69934],[2.68473,39.69934],[2.68473,39.72934],[2.64473,39.72934],[2.64473,39.69934]]]},"properties":{"id":"c230","elevation":835,"region":"tramuntana","forestType":"alzinar_muntanya","distToCoastKm":5.2,"scores":{"esclatasang":0,"fredolic":0,"blava":0,"peus-de-rata":17,"orella-de-llebre":13,"cama-sec":0,"girgola":0},"bestSpecies":"peus-de-rata","bestScore":17}},{"type":"Feature","geometry":{"type":"Polygon","coordinates":[[[2.68473,39.69934],[2.72473,39.69934],[2.72473,39.72934],[2.68473,39.72934],[2.68473,39.69934]]]},"properties":{"id":"c231","elevation":556,"region":"tramuntana","forestType":"alzinar_muntanya","distToCoastKm":7.3,"scores":{"esclatasang":0,"fredolic":0,"blava":0,"peus-de-rata":13,"orella-de-llebre":12,"cama-sec":0,"girgola":0},"bestSpecies":"peus-de-rata","bestScore":13}},{"type":"Feature","geometry":{"type":"Polygon","coordinates":[[[2.72473,39.69934],[2.76473,39.69934],[2.76473,39.72934],[2.72473,39.72934],[2.72473,39.69934]]]},"properties":{"id":"c232","elevation":488,"region":"tramuntana","forestType":"pinar_muntanya_calcari","distToCoastKm":9.5,"scores":{"esclatasang":14,"fredolic":15,"blava":0,"peus-de-rata":12,"orella-de-llebre":12,"cama-sec":0,"girgola":0},"bestSpecies":"fredolic","bestScore":15}},{"type":"Feature","geometry":{"type":"Polygon","coordinates":[[[2.76473,39.69934],[2.80473,39.69934],[2.80473,39.72934],[2.76473,39.72934],[2.76473,39.69934]]]},"properties":{"id":"c233","elevation":468,"region":"tramuntana","forestType":"pinar_muntanya_calcari","distToCoastKm":11.5,"scores":{"esclatasang":11,"fredolic":13,"blava":0,"peus-de-rata":11,"orella-de-llebre":11,"cama-sec":0,"girgola":0},"bestSpecies":"fredolic","bestScore":13}},{"type":"Feature","geometry":{"type":"Polygon","coordinates":[[[2.80473,39.69934],[2.84473,39.69934],[2.84473,39.72934],[2.80473,39.72934],[2.80473,39.69934]]]},"properties":{"id":"c234","elevation":222,"region":"tramuntana","forestType":"pinar_muntanya_calcari","distToCoastKm":14,"scores":{"esclatasang":11,"fredolic":13,"blava":0,"peus-de-rata":11,"orella-de-llebre":11,"cama-sec":0,"girgola":0},"bestSpecies":"fredolic","bestScore":13}},{"type":"Feature","geometry":{"type":"Polygon","coordinates":[[[2.84473,39.69934],[2.8847300000000002,39.69934],[2.8847300000000002,39.72934],[2.84473,39.72934],[2.84473,39.69934]]]},"properties":{"id":"c235","elevation":138,"region":"tramuntana","forestType":"alzinar_baix","distToCoastKm":15.8,"scores":{"esclatasang":0,"fredolic":0,"blava":0,"peus-de-rata":11,"orella-de-llebre":11,"cama-sec":0,"girgola":0},"bestSpecies":"peus-de-rata","bestScore":11}},{"type":"Feature","geometry":{"type":"Polygon","coordinates":[[[2.88473,39.69934],[2.92473,39.69934],[2.92473,39.72934],[2.88473,39.72934],[2.88473,39.69934]]]},"properties":{"id":"c236","elevation":128,"region":"tramuntana","forestType":"alzinar_baix","distToCoastKm":17.2,"scores":{"esclatasang":0,"fredolic":0,"blava":0,"peus-de-rata":11,"orella-de-llebre":11,"cama-sec":0,"girgola":0},"bestSpecies":"peus-de-rata","bestScore":11}},{"type":"Feature","geometry":{"type":"Polygon","coordinates":[[[2.92473,39.69934],[2.96473,39.69934],[2.96473,39.72934],[2.92473,39.72934],[2.92473,39.69934]]]},"properties":{"id":"c237","elevation":88,"region":"tramuntana","forestType":"alzinar_baix","distToCoastKm":17.8,"scores":{"esclatasang":0,"fredolic":0,"blava":0,"peus-de-rata":12,"orella-de-llebre":12,"cama-sec":0,"girgola":0},"bestSpecies":"peus-de-rata","bestScore":12}},{"type":"Feature","geometry":{"type":"Polygon","coordinates":[[[2.96473,39.69934],[3.00473,39.69934],[3.00473,39.72934],[2.96473,39.72934],[2.96473,39.69934]]]},"properties":{"id":"c238","elevation":48,"region":"pla","forestType":"agricola_seca","distToCoastKm":14.9,"scores":{"esclatasang":0,"fredolic":0,"blava":0,"peus-de-rata":0,"orella-de-llebre":0,"cama-sec":32,"girgola":0},"bestSpecies":"cama-sec","bestScore":32}},{"type":"Feature","geometry":{"type":"Polygon","coordinates":[[[3.00473,39.69934],[3.04473,39.69934],[3.04473,39.72934],[3.00473,39.72934],[3.00473,39.69934]]]},"properties":{"id":"c239","elevation":50,"region":"pla","forestType":"agricola_seca","distToCoastKm":12.1,"scores":{"esclatasang":0,"fredolic":0,"blava":0,"peus-de-rata":0,"orella-de-llebre":0,"cama-sec":32,"girgola":0},"bestSpecies":"cama-sec","bestScore":32}},{"type":"Feature","geometry":{"type":"Polygon","coordinates":[[[3.04473,39.69934],[3.08473,39.69934],[3.08473,39.72934],[3.04473,39.72934],[3.04473,39.69934]]]},"properties":{"id":"c240","elevation":90,"region":"pla","forestType":"agricola_seca","distToCoastKm":9.5,"scores":{"esclatasang":0,"fredolic":0,"blava":0,"peus-de-rata":0,"orella-de-llebre":0,"cama-sec":33,"girgola":0},"bestSpecies":"cama-sec","bestScore":33}},{"type":"Feature","geometry":{"type":"Polygon","coordinates":[[[3.08473,39.69934],[3.12473,39.69934],[3.12473,39.72934],[3.08473,39.72934],[3.08473,39.69934]]]},"properties":{"id":"c241","elevation":51,"region":"pla","forestType":"agricola_seca","distToCoastKm":7.2,"scores":{"esclatasang":0,"fredolic":0,"blava":0,"peus-de-rata":0,"orella-de-llebre":0,"cama-sec":31,"girgola":0},"bestSpecies":"cama-sec","bestScore":31}},{"type":"Feature","geometry":{"type":"Polygon","coordinates":[[[3.12473,39.69934],[3.16473,39.69934],[3.16473,39.72934],[3.12473,39.72934],[3.12473,39.69934]]]},"properties":{"id":"c242","elevation":90,"region":"pla","forestType":"agricola_seca","distToCoastKm":5.4,"scores":{"esclatasang":0,"fredolic":0,"blava":0,"peus-de-rata":0,"orella-de-llebre":0,"cama-sec":31,"girgola":0},"bestSpecies":"cama-sec","bestScore":31}},{"type":"Feature","geometry":{"type":"Polygon","coordinates":[[[3.16473,39.69934],[3.20473,39.69934],[3.20473,39.72934],[3.16473,39.72934],[3.16473,39.69934]]]},"properties":{"id":"c243","elevation":35,"region":"llevant_nord","forestType":"pinar_muntanya_calcari","distToCoastKm":3.8,"scores":{"esclatasang":12,"fredolic":15,"blava":0,"peus-de-rata":11,"orella-de-llebre":10,"cama-sec":0,"girgola":0},"bestSpecies":"fredolic","bestScore":15}},{"type":"Feature","geometry":{"type":"Polygon","coordinates":[[[3.20473,39.69934],[3.24473,39.69934],[3.24473,39.72934],[3.20473,39.72934],[3.20473,39.69934]]]},"properties":{"id":"c244","elevation":40,"region":"llevant_nord","forestType":"pinar_muntanya_calcari","distToCoastKm":2.2,"scores":{"esclatasang":12,"fredolic":13,"blava":0,"peus-de-rata":11,"orella-de-llebre":11,"cama-sec":0,"girgola":0},"bestSpecies":"fredolic","bestScore":13}},{"type":"Feature","geometry":{"type":"Polygon","coordinates":[[[3.24473,39.69934],[3.28473,39.69934],[3.28473,39.72934],[3.24473,39.72934],[3.24473,39.69934]]]},"properties":{"id":"c245","elevation":65,"region":"llevant_nord","forestType":"pinar_muntanya_calcari","distToCoastKm":1.9,"scores":{"esclatasang":12,"fredolic":13,"blava":0,"peus-de-rata":11,"orella-de-llebre":11,"cama-sec":0,"girgola":0},"bestSpecies":"fredolic","bestScore":13}},{"type":"Feature","geometry":{"type":"Polygon","coordinates":[[[3.28473,39.69934],[3.32473,39.69934],[3.32473,39.72934],[3.28473,39.72934],[3.28473,39.69934]]]},"properties":{"id":"c246","elevation":276,"region":"llevant_nord","forestType":"pinar_muntanya_calcari","distToCoastKm":3.3,"scores":{"esclatasang":13,"fredolic":15,"blava":0,"peus-de-rata":12,"orella-de-llebre":12,"cama-sec":0,"girgola":0},"bestSpecies":"fredolic","bestScore":15}},{"type":"Feature","geometry":{"type":"Polygon","coordinates":[[[3.32473,39.69934],[3.36473,39.69934],[3.36473,39.72934],[3.32473,39.72934],[3.32473,39.69934]]]},"properties":{"id":"c247","elevation":168,"region":"llevant_nord","forestType":"pinar_muntanya_calcari","distToCoastKm":5.1,"scores":{"esclatasang":14,"fredolic":16,"blava":0,"peus-de-rata":13,"orella-de-llebre":13,"cama-sec":0,"girgola":0},"bestSpecies":"fredolic","bestScore":16}},{"type":"Feature","geometry":{"type":"Polygon","coordinates":[[[3.3647299999999998,39.69934],[3.40473,39.69934],[3.40473,39.72934],[3.3647299999999998,39.72934],[3.3647299999999998,39.69934]]]},"properties":{"id":"c248","elevation":234,"region":"llevant_nord","forestType":"pinar_muntanya_calcari","distToCoastKm":4.9,"scores":{"esclatasang":14,"fredolic":16,"blava":0,"peus-de-rata":13,"orella-de-llebre":13,"cama-sec":0,"girgola":0},"bestSpecies":"fredolic","bestScore":16}},{"type":"Feature","geometry":{"type":"Polygon","coordinates":[[[3.40473,39.69934],[3.44473,39.69934],[3.44473,39.72934],[3.40473,39.72934],[3.40473,39.69934]]]},"properties":{"id":"c249","elevation":47,"region":"llevant_nord","forestType":"pinar_muntanya_calcari","distToCoastKm":2.6,"scores":{"esclatasang":16,"fredolic":19,"blava":0,"peus-de-rata":15,"orella-de-llebre":14,"cama-sec":0,"girgola":0},"bestSpecies":"fredolic","bestScore":19}},{"type":"Feature","geometry":{"type":"Polygon","coordinates":[[[2.60473,39.72934],[2.64473,39.72934],[2.64473,39.75934],[2.60473,39.75934],[2.60473,39.72934]]]},"properties":{"id":"c251","elevation":239,"region":"tramuntana","forestType":"pinar_muntanya_calcari","distToCoastKm":0.4,"scores":{"esclatasang":7,"fredolic":10,"blava":0,"peus-de-rata":6,"orella-de-llebre":6,"cama-sec":0,"girgola":0},"bestSpecies":"fredolic","bestScore":10}},{"type":"Feature","geometry":{"type":"Polygon","coordinates":[[[2.64473,39.72934],[2.68473,39.72934],[2.68473,39.75934],[2.64473,39.75934],[2.64473,39.72934]]]},"properties":{"id":"c252","elevation":771,"region":"tramuntana","forestType":"alzinar_muntanya","distToCoastKm":2.6,"scores":{"esclatasang":0,"fredolic":0,"blava":0,"peus-de-rata":5,"orella-de-llebre":4,"cama-sec":0,"girgola":0},"bestSpecies":"peus-de-rata","bestScore":5}},{"type":"Feature","geometry":{"type":"Polygon","coordinates":[[[2.68473,39.72934],[2.72473,39.72934],[2.72473,39.75934],[2.68473,39.75934],[2.68473,39.72934]]]},"properties":{"id":"c253","elevation":432,"region":"tramuntana","forestType":"pinar_muntanya_calcari","distToCoastKm":4.7,"scores":{"esclatasang":16,"fredolic":18,"blava":0,"peus-de-rata":14,"orella-de-llebre":14,"cama-sec":0,"girgola":0},"bestSpecies":"fredolic","bestScore":18}},{"type":"Feature","geometry":{"type":"Polygon","coordinates":[[[2.72473,39.72934],[2.76473,39.72934],[2.76473,39.75934],[2.72473,39.75934],[2.72473,39.72934]]]},"properties":{"id":"c254","elevation":917,"region":"tramuntana","forestType":"alzinar_muntanya","distToCoastKm":6.8,"scores":{"esclatasang":0,"fredolic":0,"blava":0,"peus-de-rata":15,"orella-de-llebre":12,"cama-sec":0,"girgola":0},"bestSpecies":"peus-de-rata","bestScore":15}},{"type":"Feature","geometry":{"type":"Polygon","coordinates":[[[2.76473,39.72934],[2.80473,39.72934],[2.80473,39.75934],[2.76473,39.75934],[2.76473,39.72934]]]},"properties":{"id":"c255","elevation":540,"region":"tramuntana","forestType":"alzinar_muntanya","distToCoastKm":9.3,"scores":{"esclatasang":0,"fredolic":0,"blava":0,"peus-de-rata":11,"orella-de-llebre":11,"cama-sec":0,"girgola":0},"bestSpecies":"peus-de-rata","bestScore":11}},{"type":"Feature","geometry":{"type":"Polygon","coordinates":[[[2.80473,39.72934],[2.84473,39.72934],[2.84473,39.75934],[2.80473,39.75934],[2.80473,39.72934]]]},"properties":{"id":"c256","elevation":297,"region":"tramuntana","forestType":"pinar_muntanya_calcari","distToCoastKm":11.1,"scores":{"esclatasang":11,"fredolic":12,"blava":0,"peus-de-rata":11,"orella-de-llebre":11,"cama-sec":0,"girgola":0},"bestSpecies":"fredolic","bestScore":12}},{"type":"Feature","geometry":{"type":"Polygon","coordinates":[[[2.84473,39.72934],[2.8847300000000002,39.72934],[2.8847300000000002,39.75934],[2.84473,39.75934],[2.84473,39.72934]]]},"properties":{"id":"c257","elevation":364,"region":"tramuntana","forestType":"pinar_muntanya_calcari","distToCoastKm":12.9,"scores":{"esclatasang":11,"fredolic":12,"blava":0,"peus-de-rata":11,"orella-de-llebre":11,"cama-sec":0,"girgola":0},"bestSpecies":"fredolic","bestScore":12}},{"type":"Feature","geometry":{"type":"Polygon","coordinates":[[[2.88473,39.72934],[2.92473,39.72934],[2.92473,39.75934],[2.88473,39.75934],[2.88473,39.72934]]]},"properties":{"id":"c258","elevation":138,"region":"tramuntana","forestType":"alzinar_baix","distToCoastKm":14,"scores":{"esclatasang":0,"fredolic":0,"blava":0,"peus-de-rata":12,"orella-de-llebre":12,"cama-sec":0,"girgola":0},"bestSpecies":"peus-de-rata","bestScore":12}},{"type":"Feature","geometry":{"type":"Polygon","coordinates":[[[2.92473,39.72934],[2.96473,39.72934],[2.96473,39.75934],[2.92473,39.75934],[2.92473,39.72934]]]},"properties":{"id":"c259","elevation":88,"region":"tramuntana","forestType":"alzinar_baix","distToCoastKm":15.6,"scores":{"esclatasang":0,"fredolic":0,"blava":0,"peus-de-rata":12,"orella-de-llebre":12,"cama-sec":0,"girgola":0},"bestSpecies":"peus-de-rata","bestScore":12}},{"type":"Feature","geometry":{"type":"Polygon","coordinates":[[[2.96473,39.72934],[3.00473,39.72934],[3.00473,39.75934],[2.96473,39.75934],[2.96473,39.72934]]]},"properties":{"id":"c260","elevation":54,"region":"pla","forestType":"agricola_seca","distToCoastKm":13.2,"scores":{"esclatasang":0,"fredolic":0,"blava":0,"peus-de-rata":0,"orella-de-llebre":0,"cama-sec":29,"girgola":0},"bestSpecies":"cama-sec","bestScore":29}},{"type":"Feature","geometry":{"type":"Polygon","coordinates":[[[3.00473,39.72934],[3.04473,39.72934],[3.04473,39.75934],[3.00473,39.75934],[3.00473,39.72934]]]},"properties":{"id":"c261","elevation":32,"region":"pla","forestType":"agricola_seca","distToCoastKm":10.2,"scores":{"esclatasang":0,"fredolic":0,"blava":0,"peus-de-rata":0,"orella-de-llebre":0,"cama-sec":29,"girgola":0},"bestSpecies":"cama-sec","bestScore":29}},{"type":"Feature","geometry":{"type":"Polygon","coordinates":[[[3.04473,39.72934],[3.08473,39.72934],[3.08473,39.75934],[3.04473,39.75934],[3.04473,39.72934]]]},"properties":{"id":"c262","elevation":47,"region":"pla","forestType":"agricola_seca","distToCoastKm":7.4,"scores":{"esclatasang":0,"fredolic":0,"blava":0,"peus-de-rata":0,"orella-de-llebre":0,"cama-sec":31,"girgola":0},"bestSpecies":"cama-sec","bestScore":31}},{"type":"Feature","geometry":{"type":"Polygon","coordinates":[[[3.08473,39.72934],[3.12473,39.72934],[3.12473,39.75934],[3.08473,39.75934],[3.08473,39.72934]]]},"properties":{"id":"c263","elevation":43,"region":"pla","forestType":"agricola_seca","distToCoastKm":4.8,"scores":{"esclatasang":0,"fredolic":0,"blava":0,"peus-de-rata":0,"orella-de-llebre":0,"cama-sec":29,"girgola":0},"bestSpecies":"cama-sec","bestScore":29}},{"type":"Feature","geometry":{"type":"Polygon","coordinates":[[[3.12473,39.72934],[3.16473,39.72934],[3.16473,39.75934],[3.12473,39.75934],[3.12473,39.72934]]]},"properties":{"id":"c264","elevation":40,"region":"pla","forestType":"pinar_costaner","distToCoastKm":2.6,"scores":{"esclatasang":10,"fredolic":15,"blava":0,"peus-de-rata":0,"orella-de-llebre":0,"cama-sec":0,"girgola":0},"bestSpecies":"fredolic","bestScore":15}},{"type":"Feature","geometry":{"type":"Polygon","coordinates":[[[3.16473,39.72934],[3.20473,39.72934],[3.20473,39.75934],[3.16473,39.75934],[3.16473,39.72934]]]},"properties":{"id":"c265","elevation":34,"region":"llevant_nord","forestType":"pinar_muntanya_calcari","distToCoastKm":1,"scores":{"esclatasang":9,"fredolic":13,"blava":0,"peus-de-rata":8,"orella-de-llebre":7,"cama-sec":0,"girgola":0},"bestSpecies":"fredolic","bestScore":13}},{"type":"Feature","geometry":{"type":"Polygon","coordinates":[[[3.28473,39.72934],[3.32473,39.72934],[3.32473,39.75934],[3.28473,39.75934],[3.28473,39.72934]]]},"properties":{"id":"c266","elevation":35,"region":"llevant_nord","forestType":"pinar_muntanya_calcari","distToCoastKm":0.5,"scores":{"esclatasang":11,"fredolic":13,"blava":0,"peus-de-rata":11,"orella-de-llebre":10,"cama-sec":0,"girgola":0},"bestSpecies":"fredolic","bestScore":13}},{"type":"Feature","geometry":{"type":"Polygon","coordinates":[[[3.32473,39.72934],[3.36473,39.72934],[3.36473,39.75934],[3.32473,39.75934],[3.32473,39.72934]]]},"properties":{"id":"c267","elevation":310,"region":"llevant_nord","forestType":"alzinar_muntanya","distToCoastKm":2.2,"scores":{"esclatasang":0,"fredolic":0,"blava":0,"peus-de-rata":12,"orella-de-llebre":11,"cama-sec":0,"girgola":0},"bestSpecies":"peus-de-rata","bestScore":12}},{"type":"Feature","geometry":{"type":"Polygon","coordinates":[[[3.3647299999999998,39.72934],[3.40473,39.72934],[3.40473,39.75934],[3.3647299999999998,39.75934],[3.3647299999999998,39.72934]]]},"properties":{"id":"c268","elevation":119,"region":"llevant_nord","forestType":"pinar_muntanya_calcari","distToCoastKm":2.2,"scores":{"esclatasang":13,"fredolic":15,"blava":0,"peus-de-rata":12,"orella-de-llebre":11,"cama-sec":0,"girgola":0},"bestSpecies":"fredolic","bestScore":15}},{"type":"Feature","geometry":{"type":"Polygon","coordinates":[[[3.40473,39.72934],[3.44473,39.72934],[3.44473,39.75934],[3.40473,39.75934],[3.40473,39.72934]]]},"properties":{"id":"c269","elevation":62,"region":"llevant_nord","forestType":"pinar_muntanya_calcari","distToCoastKm":0.6,"scores":{"esclatasang":15,"fredolic":19,"blava":0,"peus-de-rata":14,"orella-de-llebre":13,"cama-sec":0,"girgola":0},"bestSpecies":"fredolic","bestScore":19}},{"type":"Feature","geometry":{"type":"Polygon","coordinates":[[[2.64473,39.75934],[2.68473,39.75934],[2.68473,39.78934],[2.64473,39.78934],[2.64473,39.75934]]]},"properties":{"id":"c270","elevation":0,"region":"tramuntana","forestType":"pinar_costaner","distToCoastKm":0,"scores":{"esclatasang":7,"fredolic":10,"blava":0,"peus-de-rata":0,"orella-de-llebre":0,"cama-sec":0,"girgola":0},"bestSpecies":"fredolic","bestScore":10}},{"type":"Feature","geometry":{"type":"Polygon","coordinates":[[[2.72473,39.75934],[2.76473,39.75934],[2.76473,39.78934],[2.72473,39.78934],[2.72473,39.75934]]]},"properties":{"id":"c272","elevation":253,"region":"tramuntana","forestType":"pinar_muntanya_calcari","distToCoastKm":4.6,"scores":{"esclatasang":15,"fredolic":18,"blava":0,"peus-de-rata":14,"orella-de-llebre":14,"cama-sec":0,"girgola":0},"bestSpecies":"fredolic","bestScore":18}},{"type":"Feature","geometry":{"type":"Polygon","coordinates":[[[2.76473,39.75934],[2.80473,39.75934],[2.80473,39.78934],[2.76473,39.78934],[2.76473,39.75934]]]},"properties":{"id":"c273","elevation":1021,"region":"tramuntana","forestType":"alzinar_muntanya","distToCoastKm":6.6,"scores":{"esclatasang":0,"fredolic":0,"blava":0,"peus-de-rata":16,"orella-de-llebre":12,"cama-sec":0,"girgola":0},"bestSpecies":"peus-de-rata","bestScore":16}},{"type":"Feature","geometry":{"type":"Polygon","coordinates":[[[2.80473,39.75934],[2.84473,39.75934],[2.84473,39.78934],[2.80473,39.78934],[2.80473,39.75934]]]},"properties":{"id":"c274","elevation":740,"region":"tramuntana","forestType":"alzinar_muntanya","distToCoastKm":8.4,"scores":{"esclatasang":0,"fredolic":0,"blava":0,"peus-de-rata":12,"orella-de-llebre":11,"cama-sec":0,"girgola":0},"bestSpecies":"peus-de-rata","bestScore":12}},{"type":"Feature","geometry":{"type":"Polygon","coordinates":[[[2.84473,39.75934],[2.8847300000000002,39.75934],[2.8847300000000002,39.78934],[2.84473,39.78934],[2.84473,39.75934]]]},"properties":{"id":"c275","elevation":411,"region":"tramuntana","forestType":"pinar_muntanya_calcari","distToCoastKm":9.8,"scores":{"esclatasang":12,"fredolic":13,"blava":0,"peus-de-rata":11,"orella-de-llebre":11,"cama-sec":0,"girgola":0},"bestSpecies":"fredolic","bestScore":13}},{"type":"Feature","geometry":{"type":"Polygon","coordinates":[[[2.88473,39.75934],[2.92473,39.75934],[2.92473,39.78934],[2.88473,39.78934],[2.88473,39.75934]]]},"properties":{"id":"c276","elevation":242,"region":"tramuntana","forestType":"pinar_muntanya_calcari","distToCoastKm":11,"scores":{"esclatasang":11,"fredolic":12,"blava":0,"peus-de-rata":11,"orella-de-llebre":11,"cama-sec":0,"girgola":0},"bestSpecies":"fredolic","bestScore":12}},{"type":"Feature","geometry":{"type":"Polygon","coordinates":[[[2.92473,39.75934],[2.96473,39.75934],[2.96473,39.78934],[2.92473,39.78934],[2.92473,39.75934]]]},"properties":{"id":"c277","elevation":117,"region":"tramuntana","forestType":"alzinar_baix","distToCoastKm":12.9,"scores":{"esclatasang":0,"fredolic":0,"blava":0,"peus-de-rata":12,"orella-de-llebre":12,"cama-sec":0,"girgola":0},"bestSpecies":"peus-de-rata","bestScore":12}},{"type":"Feature","geometry":{"type":"Polygon","coordinates":[[[3.00473,39.75934],[3.04473,39.75934],[3.04473,39.78934],[3.00473,39.78934],[3.00473,39.75934]]]},"properties":{"id":"c279","elevation":19,"region":"pla","forestType":"agricola_seca","distToCoastKm":8.8,"scores":{"esclatasang":0,"fredolic":0,"blava":0,"peus-de-rata":0,"orella-de-llebre":0,"cama-sec":29,"girgola":0},"bestSpecies":"cama-sec","bestScore":29}},{"type":"Feature","geometry":{"type":"Polygon","coordinates":[[[3.04473,39.75934],[3.08473,39.75934],[3.08473,39.78934],[3.04473,39.78934],[3.04473,39.75934]]]},"properties":{"id":"c280","elevation":4,"region":"pla","forestType":"agricola_seca","distToCoastKm":5.6,"scores":{"esclatasang":0,"fredolic":0,"blava":0,"peus-de-rata":0,"orella-de-llebre":0,"cama-sec":31,"girgola":0},"bestSpecies":"cama-sec","bestScore":31}},{"type":"Feature","geometry":{"type":"Polygon","coordinates":[[[3.08473,39.75934],[3.12473,39.75934],[3.12473,39.78934],[3.08473,39.78934],[3.08473,39.75934]]]},"properties":{"id":"c281","elevation":1,"region":"pla","forestType":"pinar_costaner","distToCoastKm":2.7,"scores":{"esclatasang":10,"fredolic":15,"blava":0,"peus-de-rata":0,"orella-de-llebre":0,"cama-sec":0,"girgola":0},"bestSpecies":"fredolic","bestScore":15}},{"type":"Feature","geometry":{"type":"Polygon","coordinates":[[[3.32473,39.75934],[3.36473,39.75934],[3.36473,39.78934],[3.32473,39.78934],[3.32473,39.75934]]]},"properties":{"id":"c282","elevation":205,"region":"llevant_nord","forestType":"pinar_muntanya_calcari","distToCoastKm":0.8,"scores":{"esclatasang":13,"fredolic":15,"blava":0,"peus-de-rata":12,"orella-de-llebre":11,"cama-sec":0,"girgola":0},"bestSpecies":"fredolic","bestScore":15}},{"type":"Feature","geometry":{"type":"Polygon","coordinates":[[[2.68473,39.78934],[2.72473,39.78934],[2.72473,39.819340000000004],[2.68473,39.819340000000004],[2.68473,39.78934]]]},"properties":{"id":"c283","elevation":136,"region":"tramuntana","forestType":"pinar_costaner","distToCoastKm":0.5,"scores":{"esclatasang":15,"fredolic":18,"blava":0,"peus-de-rata":0,"orella-de-llebre":0,"cama-sec":0,"girgola":0},"bestSpecies":"fredolic","bestScore":18}},{"type":"Feature","geometry":{"type":"Polygon","coordinates":[[[2.72473,39.78934],[2.76473,39.78934],[2.76473,39.819340000000004],[2.72473,39.819340000000004],[2.72473,39.78934]]]},"properties":{"id":"c284","elevation":515,"region":"tramuntana","forestType":"alzinar_muntanya","distToCoastKm":2.5,"scores":{"esclatasang":0,"fredolic":0,"blava":0,"peus-de-rata":13,"orella-de-llebre":12,"cama-sec":0,"girgola":0},"bestSpecies":"peus-de-rata","bestScore":13}},{"type":"Feature","geometry":{"type":"Polygon","coordinates":[[[2.76473,39.78934],[2.80473,39.78934],[2.80473,39.819340000000004],[2.76473,39.819340000000004],[2.76473,39.78934]]]},"properties":{"id":"c285","elevation":1141,"region":"tramuntana","forestType":"alzinar_muntanya","distToCoastKm":3.7,"scores":{"esclatasang":0,"fredolic":0,"blava":0,"peus-de-rata":16,"orella-de-llebre":12,"cama-sec":0,"girgola":0},"bestSpecies":"peus-de-rata","bestScore":16}},{"type":"Feature","geometry":{"type":"Polygon","coordinates":[[[2.80473,39.78934],[2.84473,39.78934],[2.84473,39.819340000000004],[2.80473,39.819340000000004],[2.80473,39.78934]]]},"properties":{"id":"c286","elevation":693,"region":"tramuntana","forestType":"alzinar_muntanya","distToCoastKm":5.6,"scores":{"esclatasang":0,"fredolic":0,"blava":0,"peus-de-rata":12,"orella-de-llebre":12,"cama-sec":0,"girgola":0},"bestSpecies":"peus-de-rata","bestScore":12}},{"type":"Feature","geometry":{"type":"Polygon","coordinates":[[[2.84473,39.78934],[2.8847300000000002,39.78934],[2.8847300000000002,39.819340000000004],[2.84473,39.819340000000004],[2.84473,39.78934]]]},"properties":{"id":"c287","elevation":1166,"region":"tramuntana","forestType":"alzinar_muntanya","distToCoastKm":6.6,"scores":{"esclatasang":0,"fredolic":0,"blava":0,"peus-de-rata":19,"orella-de-llebre":15,"cama-sec":0,"girgola":0},"bestSpecies":"peus-de-rata","bestScore":19}},{"type":"Feature","geometry":{"type":"Polygon","coordinates":[[[2.88473,39.78934],[2.92473,39.78934],[2.92473,39.819340000000004],[2.88473,39.819340000000004],[2.88473,39.78934]]]},"properties":{"id":"c288","elevation":462,"region":"tramuntana","forestType":"pinar_muntanya_calcari","distToCoastKm":8.2,"scores":{"esclatasang":12,"fredolic":13,"blava":0,"peus-de-rata":12,"orella-de-llebre":11,"cama-sec":0,"girgola":0},"bestSpecies":"fredolic","bestScore":13}},{"type":"Feature","geometry":{"type":"Polygon","coordinates":[[[2.92473,39.78934],[2.96473,39.78934],[2.96473,39.819340000000004],[2.92473,39.819340000000004],[2.92473,39.78934]]]},"properties":{"id":"c289","elevation":433,"region":"tramuntana","forestType":"pinar_muntanya_calcari","distToCoastKm":10.1,"scores":{"esclatasang":12,"fredolic":14,"blava":0,"peus-de-rata":12,"orella-de-llebre":12,"cama-sec":0,"girgola":0},"bestSpecies":"fredolic","bestScore":14}},{"type":"Feature","geometry":{"type":"Polygon","coordinates":[[[2.96473,39.78934],[3.00473,39.78934],[3.00473,39.819340000000004],[2.96473,39.819340000000004],[2.96473,39.78934]]]},"properties":{"id":"c290","elevation":171,"region":"pla","forestType":"agricola_seca","distToCoastKm":11.3,"scores":{"esclatasang":0,"fredolic":0,"blava":0,"peus-de-rata":0,"orella-de-llebre":0,"cama-sec":25,"girgola":0},"bestSpecies":"cama-sec","bestScore":25}},{"type":"Feature","geometry":{"type":"Polygon","coordinates":[[[3.00473,39.78934],[3.04473,39.78934],[3.04473,39.819340000000004],[3.00473,39.819340000000004],[3.00473,39.78934]]]},"properties":{"id":"c291","elevation":18,"region":"pla","forestType":"agricola_seca","distToCoastKm":8,"scores":{"esclatasang":0,"fredolic":0,"blava":0,"peus-de-rata":0,"orella-de-llebre":0,"cama-sec":24,"girgola":0},"bestSpecies":"cama-sec","bestScore":24}},{"type":"Feature","geometry":{"type":"Polygon","coordinates":[[[3.04473,39.78934],[3.08473,39.78934],[3.08473,39.819340000000004],[3.04473,39.819340000000004],[3.04473,39.78934]]]},"properties":{"id":"c292","elevation":14,"region":"pla","forestType":"agricola_seca","distToCoastKm":4.6,"scores":{"esclatasang":0,"fredolic":0,"blava":0,"peus-de-rata":0,"orella-de-llebre":0,"cama-sec":27,"girgola":0},"bestSpecies":"cama-sec","bestScore":27}},{"type":"Feature","geometry":{"type":"Polygon","coordinates":[[[3.08473,39.78934],[3.12473,39.78934],[3.12473,39.819340000000004],[3.08473,39.819340000000004],[3.08473,39.78934]]]},"properties":{"id":"c293","elevation":0,"region":"pla","forestType":"pinar_costaner","distToCoastKm":1.3,"scores":{"esclatasang":10,"fredolic":14,"blava":0,"peus-de-rata":0,"orella-de-llebre":0,"cama-sec":0,"girgola":0},"bestSpecies":"fredolic","bestScore":14}},{"type":"Feature","geometry":{"type":"Polygon","coordinates":[[[2.76473,39.81934],[2.80473,39.81934],[2.80473,39.84934],[2.76473,39.84934],[2.76473,39.81934]]]},"properties":{"id":"c294","elevation":185,"region":"tramuntana","forestType":"pinar_muntanya_calcari","distToCoastKm":1,"scores":{"esclatasang":12,"fredolic":14,"blava":0,"peus-de-rata":12,"orella-de-llebre":11,"cama-sec":0,"girgola":0},"bestSpecies":"fredolic","bestScore":14}},{"type":"Feature","geometry":{"type":"Polygon","coordinates":[[[2.80473,39.81934],[2.84473,39.81934],[2.84473,39.84934],[2.80473,39.84934],[2.80473,39.81934]]]},"properties":{"id":"c295","elevation":507,"region":"tramuntana","forestType":"alzinar_muntanya","distToCoastKm":2.5,"scores":{"esclatasang":0,"fredolic":0,"blava":0,"peus-de-rata":12,"orella-de-llebre":12,"cama-sec":0,"girgola":0},"bestSpecies":"peus-de-rata","bestScore":12}},{"type":"Feature","geometry":{"type":"Polygon","coordinates":[[[2.84473,39.81934],[2.8847300000000002,39.81934],[2.8847300000000002,39.84934],[2.84473,39.84934],[2.84473,39.81934]]]},"properties":{"id":"c296","elevation":334,"region":"tramuntana","forestType":"pinar_muntanya_calcari","distToCoastKm":3.5,"scores":{"esclatasang":12,"fredolic":13,"blava":0,"peus-de-rata":12,"orella-de-llebre":11,"cama-sec":0,"girgola":0},"bestSpecies":"fredolic","bestScore":13}},{"type":"Feature","geometry":{"type":"Polygon","coordinates":[[[2.88473,39.81934],[2.92473,39.81934],[2.92473,39.84934],[2.88473,39.84934],[2.88473,39.81934]]]},"properties":{"id":"c297","elevation":665,"region":"tramuntana","forestType":"alzinar_muntanya","distToCoastKm":5.5,"scores":{"esclatasang":0,"fredolic":0,"blava":0,"peus-de-rata":12,"orella-de-llebre":11,"cama-sec":0,"girgola":0},"bestSpecies":"peus-de-rata","bestScore":12}},{"type":"Feature","geometry":{"type":"Polygon","coordinates":[[[2.92473,39.81934],[2.96473,39.81934],[2.96473,39.84934],[2.92473,39.84934],[2.92473,39.81934]]]},"properties":{"id":"c298","elevation":571,"region":"tramuntana","forestType":"alzinar_muntanya","distToCoastKm":7.3,"scores":{"esclatasang":0,"fredolic":0,"blava":0,"peus-de-rata":12,"orella-de-llebre":12,"cama-sec":0,"girgola":0},"bestSpecies":"peus-de-rata","bestScore":12}},{"type":"Feature","geometry":{"type":"Polygon","coordinates":[[[2.96473,39.81934],[3.00473,39.81934],[3.00473,39.84934],[2.96473,39.84934],[2.96473,39.81934]]]},"properties":{"id":"c299","elevation":393,"region":"pla","forestType":"agricola_seca","distToCoastKm":8.2,"scores":{"esclatasang":0,"fredolic":0,"blava":0,"peus-de-rata":0,"orella-de-llebre":0,"cama-sec":28,"girgola":0},"bestSpecies":"cama-sec","bestScore":28}},{"type":"Feature","geometry":{"type":"Polygon","coordinates":[[[3.00473,39.81934],[3.04473,39.81934],[3.04473,39.84934],[3.00473,39.84934],[3.00473,39.81934]]]},"properties":{"id":"c300","elevation":57,"region":"pla","forestType":"agricola_seca","distToCoastKm":6.6,"scores":{"esclatasang":0,"fredolic":0,"blava":0,"peus-de-rata":0,"orella-de-llebre":0,"cama-sec":25,"girgola":0},"bestSpecies":"cama-sec","bestScore":25}},{"type":"Feature","geometry":{"type":"Polygon","coordinates":[[[3.04473,39.81934],[3.08473,39.81934],[3.08473,39.84934],[3.04473,39.84934],[3.04473,39.81934]]]},"properties":{"id":"c301","elevation":20,"region":"pla","forestType":"agricola_seca","distToCoastKm":4.1,"scores":{"esclatasang":0,"fredolic":0,"blava":0,"peus-de-rata":0,"orella-de-llebre":0,"cama-sec":27,"girgola":0},"bestSpecies":"cama-sec","bestScore":27}},{"type":"Feature","geometry":{"type":"Polygon","coordinates":[[[3.12473,39.81934],[3.16473,39.81934],[3.16473,39.84934],[3.12473,39.84934],[3.12473,39.81934]]]},"properties":{"id":"c303","elevation":4,"region":"pla","forestType":"pinar_costaner","distToCoastKm":0,"scores":{"esclatasang":10,"fredolic":14,"blava":0,"peus-de-rata":0,"orella-de-llebre":0,"cama-sec":0,"girgola":0},"bestSpecies":"fredolic","bestScore":14}},{"type":"Feature","geometry":{"type":"Polygon","coordinates":[[[2.84473,39.84934],[2.8847300000000002,39.84934],[2.8847300000000002,39.87934],[2.84473,39.87934],[2.84473,39.84934]]]},"properties":{"id":"c304","elevation":687,"region":"tramuntana","forestType":"alzinar_muntanya","distToCoastKm":1.2,"scores":{"esclatasang":0,"fredolic":0,"blava":0,"peus-de-rata":12,"orella-de-llebre":11,"cama-sec":0,"girgola":0},"bestSpecies":"peus-de-rata","bestScore":12}},{"type":"Feature","geometry":{"type":"Polygon","coordinates":[[[2.88473,39.84934],[2.92473,39.84934],[2.92473,39.87934],[2.88473,39.87934],[2.88473,39.84934]]]},"properties":{"id":"c305","elevation":658,"region":"tramuntana","forestType":"alzinar_muntanya","distToCoastKm":2.9,"scores":{"esclatasang":0,"fredolic":0,"blava":0,"peus-de-rata":12,"orella-de-llebre":11,"cama-sec":0,"girgola":0},"bestSpecies":"peus-de-rata","bestScore":12}},{"type":"Feature","geometry":{"type":"Polygon","coordinates":[[[2.92473,39.84934],[2.96473,39.84934],[2.96473,39.87934],[2.92473,39.87934],[2.92473,39.84934]]]},"properties":{"id":"c306","elevation":155,"region":"tramuntana","forestType":"pinar_muntanya_calcari","distToCoastKm":4.3,"scores":{"esclatasang":11,"fredolic":13,"blava":0,"peus-de-rata":11,"orella-de-llebre":11,"cama-sec":0,"girgola":0},"bestSpecies":"fredolic","bestScore":13}},{"type":"Feature","geometry":{"type":"Polygon","coordinates":[[[2.96473,39.84934],[3.00473,39.84934],[3.00473,39.87934],[2.96473,39.87934],[2.96473,39.84934]]]},"properties":{"id":"c307","elevation":187,"region":"pla","forestType":"agricola_seca","distToCoastKm":4.9,"scores":{"esclatasang":0,"fredolic":0,"blava":0,"peus-de-rata":0,"orella-de-llebre":0,"cama-sec":26,"girgola":0},"bestSpecies":"cama-sec","bestScore":26}},{"type":"Feature","geometry":{"type":"Polygon","coordinates":[[[3.04473,39.84934],[3.08473,39.84934],[3.08473,39.87934],[3.04473,39.87934],[3.04473,39.84934]]]},"properties":{"id":"c309","elevation":9,"region":"pla","forestType":"pinar_costaner","distToCoastKm":2,"scores":{"esclatasang":12,"fredolic":14,"blava":0,"peus-de-rata":0,"orella-de-llebre":0,"cama-sec":0,"girgola":0},"bestSpecies":"fredolic","bestScore":14}},{"type":"Feature","geometry":{"type":"Polygon","coordinates":[[[3.16473,39.84934],[3.20473,39.84934],[3.20473,39.87934],[3.16473,39.87934],[3.16473,39.84934]]]},"properties":{"id":"c311","elevation":200,"region":"llevant_nord","forestType":"pinar_muntanya_calcari","distToCoastKm":0.2,"scores":{"esclatasang":13,"fredolic":15,"blava":0,"peus-de-rata":13,"orella-de-llebre":12,"cama-sec":0,"girgola":0},"bestSpecies":"fredolic","bestScore":15}},{"type":"Feature","geometry":{"type":"Polygon","coordinates":[[[2.88473,39.87934],[2.92473,39.87934],[2.92473,39.90934],[2.88473,39.90934],[2.88473,39.87934]]]},"properties":{"id":"c312","elevation":355,"region":"tramuntana","forestType":"pinar_muntanya_calcari","distToCoastKm":0.3,"scores":{"esclatasang":12,"fredolic":14,"blava":0,"peus-de-rata":12,"orella-de-llebre":12,"cama-sec":0,"girgola":0},"bestSpecies":"fredolic","bestScore":14}},{"type":"Feature","geometry":{"type":"Polygon","coordinates":[[[2.92473,39.87934],[2.96473,39.87934],[2.96473,39.90934],[2.92473,39.90934],[2.92473,39.87934]]]},"properties":{"id":"c313","elevation":423,"region":"tramuntana","forestType":"pinar_muntanya_calcari","distToCoastKm":1.3,"scores":{"esclatasang":12,"fredolic":14,"blava":0,"peus-de-rata":12,"orella-de-llebre":12,"cama-sec":0,"girgola":0},"bestSpecies":"fredolic","bestScore":14}},{"type":"Feature","geometry":{"type":"Polygon","coordinates":[[[2.96473,39.87934],[3.00473,39.87934],[3.00473,39.90934],[2.96473,39.90934],[2.96473,39.87934]]]},"properties":{"id":"c314","elevation":183,"region":"pla","forestType":"pinar_costaner","distToCoastKm":1.6,"scores":{"esclatasang":11,"fredolic":13,"blava":0,"peus-de-rata":0,"orella-de-llebre":0,"cama-sec":0,"girgola":0},"bestSpecies":"fredolic","bestScore":13}},{"type":"Feature","geometry":{"type":"Polygon","coordinates":[[[3.00473,39.87934],[3.04473,39.87934],[3.04473,39.90934],[3.00473,39.90934],[3.00473,39.87934]]]},"properties":{"id":"c315","elevation":39,"region":"pla","forestType":"agricola_seca","distToCoastKm":3.5,"scores":{"esclatasang":0,"fredolic":0,"blava":0,"peus-de-rata":0,"orella-de-llebre":0,"cama-sec":23,"girgola":0},"bestSpecies":"cama-sec","bestScore":23}},{"type":"Feature","geometry":{"type":"Polygon","coordinates":[[[3.04473,39.87934],[3.08473,39.87934],[3.08473,39.90934],[3.04473,39.90934],[3.04473,39.87934]]]},"properties":{"id":"c316","elevation":11,"region":"pla","forestType":"pinar_costaner","distToCoastKm":1.2,"scores":{"esclatasang":12,"fredolic":14,"blava":0,"peus-de-rata":0,"orella-de-llebre":0,"cama-sec":0,"girgola":0},"bestSpecies":"fredolic","bestScore":14}},{"type":"Feature","geometry":{"type":"Polygon","coordinates":[[[3.00473,39.90934],[3.04473,39.90934],[3.04473,39.93934],[3.00473,39.93934],[3.00473,39.90934]]]},"properties":{"id":"c317","elevation":218,"region":"pla","forestType":"pinar_costaner","distToCoastKm":0.8,"scores":{"esclatasang":11,"fredolic":13,"blava":0,"peus-de-rata":0,"orella-de-llebre":0,"cama-sec":0,"girgola":0},"bestSpecies":"fredolic","bestScore":13}},{"type":"Feature","geometry":{"type":"Polygon","coordinates":[[[3.08473,39.90934],[3.12473,39.90934],[3.12473,39.93934],[3.08473,39.93934],[3.08473,39.90934]]]},"properties":{"id":"c318","elevation":101,"region":"pla","forestType":"pinar_costaner","distToCoastKm":0.6,"scores":{"esclatasang":12,"fredolic":14,"blava":0,"peus-de-rata":0,"orella-de-llebre":0,"cama-sec":0,"girgola":0},"bestSpecies":"fredolic","bestScore":14}}]}